muestra,Protein id,Contig id,Start,Stop,Strand,Element symbol,Element name,Scope,Type,Subtype,Class,Subclass,Method,Target length,Reference sequence length,% Coverage of reference,% Identity to reference,Alignment length,Closest reference accession,Closest reference name,HMM accession,HMM description
Blood_P11,OHLFDD_02557,contig_15,66476,66883,-,fosA,FosA family fosfomycin resistance glutathione transferase,core,AMR,AMR,FOSFOMYCIN,FOSFOMYCIN,EXACTP,135,135,100,100,135,WP_003082280.1,FosA family fosfomycin resistance glutathione transferase,NF000094.1,FosA family fosfomycin resistance glutathione transferase
Blood_P11,NA,contig_15,289682,291009,+,oprD_G212AfsTer26,Pseudomonas aeruginosa carbapenem resistant OprD,core,AMR,POINT_DISRUPT,BETA-LACTAM,CARBAPENEM,POINTX,442,443,100,97.51,442,WP_003112576.1,outer membrane porin OprD,NA,NA
Blood_P11,OHLFDD_02944,contig_16,8621,8896,+,merP,mercury resistance system periplasmic binding protein MerP,plus,STRESS,METAL,MERCURY,MERCURY,HMM,91,91,100,49.45,91,AAC38232.1,mercury resistance system periplasmic binding protein MerP,TIGR02052.1,mercury resistance system periplasmic binding protein MerP
Blood_P11,OHLFDD_03663,contig_19,19123,19473,+,merT,mercuric transport protein MerT,plus,STRESS,METAL,MERCURY,MERCURY,BLASTP,116,116,100,99.14,116,AAA98222.1,mercuric transport protein MerT,NA,NA
Blood_P11,OHLFDD_03667,contig_19,21545,21808,+,merD,mercury resistance co-regulator MerD,plus,STRESS,METAL,MERCURY,MERCURY,PARTIALP,87,121,52.07,96.83,63,AAA88370.1,mercury resistance co-regulator MerD,NA,NA
Blood_P11,OHLFDD_03723,contig_19,66474,67007,-,catB7,type B-4 chloramphenicol O-acetyltransferase CatB7,core,AMR,AMR,PHENICOL,CHLORAMPHENICOL,INTERNAL_STOP,177,212,83.49,98.87,177,WP_003112709.1,type B-4 chloramphenicol O-acetyltransferase CatB7,NF000490.1,type B chloramphenicol O-acetyltransferase
Blood_P11,OHLFDD_03981,contig_22,37057,39729,+,gyrA_T83I,Pseudomonas aeruginosa quinolone resistant GyrA,core,AMR,POINT,QUINOLONE,QUINOLONE,POINTP,890,923,83.75,99.35,773,WP_003091448.1,DNA gyrase subunit A GyrA,NA,NA
Blood_P11,NA,contig_24,213968,214610,+,nalD_R160DfsTer88,Pseudomonas aeruginosa aztreonam/carbapenem/chloramphenicol/tetracycline/vaborbactam resistant NalD,core,AMR,POINT_DISRUPT,MULTIDRUG,AZTREONAM/CARBAPENEM/CHLORAMPHENICOL/TETRACYCLINE/VABORBACTAM,POINTX,214,212,100,100,212,WP_003092152.1,efflux system transcriptional repressor NalD,NA,NA
Blood_P11,OHLFDD_04897,contig_24,373993,374634,+,nalC_G71E,Pseudomonas aeruginosa carbapenem resistant NalC,core,AMR,POINT,BETA-LACTAM,CARBAPENEM,POINTP,213,213,100,98.59,213,WP_003113837.1,efflux system transcriptional repressor NalC,NA,NA
Blood_P11,OHLFDD_04897,contig_24,373993,374634,+,nalC_S209R,Pseudomonas aeruginosa carbapenem resistant NalC,core,AMR,POINT,BETA-LACTAM,CARBAPENEM,POINTP,213,213,100,98.59,213,WP_003113837.1,efflux system transcriptional repressor NalC,NA,NA
Blood_P11,OHLFDD_04992,contig_24,454287,454637,+,merT,mercuric transport protein MerT,plus,STRESS,METAL,MERCURY,MERCURY,BLASTP,116,116,100,92.24,116,CAA70196.1,mercuric transport protein MerT,NA,NA
Blood_P11,OHLFDD_04993,contig_24,454650,454925,+,merP,mercury resistance system periplasmic binding protein MerP,plus,STRESS,METAL,MERCURY,MERCURY,EXACTP,91,91,100,100,91,AAC38219.1,mercury resistance system periplasmic binding protein MerP,TIGR02052.1,mercury resistance system periplasmic binding protein MerP
Blood_P11,OHLFDD_04995,contig_24,455690,457063,+,merA,mercury(II) reductase,plus,STRESS,METAL,MERCURY,MERCURY,PARTIALP,457,561,57.22,98.44,321,AAC38220.1,mercury(II) reductase,NA,NA
Blood_P11,OHLFDD_04995,contig_24,455690,457063,+,merD,mercury resistance co-regulator MerD,plus,STRESS,METAL,MERCURY,MERCURY,BLASTP,457,121,100,100,121,ABF13034.1,mercury resistance co-regulator MerD,NF033783.1,mercury resistance co-regulator MerD
Blood_P11,NA,contig_24,456698,457060,+,merD,mercury resistance co-regulator MerD,plus,STRESS,METAL,MERCURY,MERCURY,EXACTX,121,121,100,100,121,ABF13034.1,mercury resistance co-regulator MerD,NA,NA
Blood_P11,OHLFDD_04996,contig_24,457060,457362,+,merE,broad-spectrum mercury transporter MerE,plus,STRESS,METAL,MERCURY,MERCURY,PARTIALP,100,78,84.62,100,66,CAA77325.1,broad-spectrum mercury transporter MerE,NF010310.2,broad-spectrum mercury transporter MerE
Blood_P11,OHLFDD_05433,contig_24,831230,832423,+,blaPDC-34,class C beta-lactamase PDC-34,core,AMR,AMR,BETA-LACTAM,CEPHALOSPORIN,ALLELEP,397,397,100,100,397,WP_003137570.1,class C beta-lactamase PDC-34,NF000422.6,PDC family class C beta-lactamase
Blood_P11,OHLFDD_05445,contig_24,844775,845578,-,aph(3')-IIb,aminoglycoside O-phosphotransferase APH(3')-IIb,core,AMR,AMR,AMINOGLYCOSIDE,KANAMYCIN,BLASTP,267,268,100,99.25,268,WP_003113011.1,aminoglycoside O-phosphotransferase APH(3')-IIb,NF032898.2,APH(3')-II family aminoglycoside O-phosphotransferase
Blood_P11,OHLFDD_05505,contig_25,1219,1374,-,merE,broad-spectrum mercury transporter MerE,plus,STRESS,METAL,MERCURY,MERCURY,PARTIALP,51,78,65.38,94.12,51,AAC38236.1,broad-spectrum mercury transporter MerE,NF010310.2,broad-spectrum mercury transporter MerE
Blood_P11,OHLFDD_05506,contig_25,1371,1736,-,merD,mercury resistance co-regulator MerD,plus,STRESS,METAL,MERCURY,MERCURY,BLASTP,121,121,100,95.04,121,AAA88370.1,mercury resistance co-regulator MerD,NF033783.1,mercury resistance co-regulator MerD
Blood_P11,OHLFDD_05509,contig_25,3509,3784,-,merP,mercury resistance system periplasmic binding protein MerP,plus,STRESS,METAL,MERCURY,MERCURY,EXACTP,91,91,100,100,91,AAA98223.1,mercury resistance system periplasmic binding protein MerP,TIGR02052.1,mercury resistance system periplasmic binding protein MerP
Blood_P11,OHLFDD_05510,contig_25,3800,4150,-,merT,mercuric transport protein MerT,plus,STRESS,METAL,MERCURY,MERCURY,EXACTP,116,116,100,100,116,AAA98222.1,mercuric transport protein MerT,NA,NA
Blood_P11,OHLFDD_05511,contig_25,4222,4656,+,merR,mercury resistance transcriptional regulator MerR,plus,STRESS,METAL,MERCURY,MERCURY,EXACTP,144,144,100,100,144,AAA98221.1,mercury resistance transcriptional regulator MerR,NF010315.0,mercury resistance transcriptional regulator MerR
Blood_P11,OHLFDD_05904,contig_27,332404,333132,+,blaOXA,OXA-50 family oxacillin-hydrolyzing class D beta-lactamase,core,AMR,AMR,BETA-LACTAM,BETA-LACTAM,PARTIALP,242,262,86.26,99.56,226,WP_003097028.1,OXA-50 family oxacillin-hydrolyzing class D beta-lactamase OXA-488,NF012161.0,class D beta-lactamase
Blood_P11,OHLFDD_06550,contig_27,938139,939170,+,mexA,multidrug efflux RND transporter periplasmic adaptor subunit MexA,plus,AMR,AMR,EFFLUX,EFFLUX,PARTIALP,343,383,89.56,99.71,343,AAA74436.1,multidrug efflux RND transporter periplasmic adaptor subunit MexA,NA,NA
Blood_P11,NA,contig_29,472980,473822,+,aadA6,ANT(3'')-Ia family aminoglycoside nucleotidyltransferase AadA6,core,AMR,AMR,AMINOGLYCOSIDE,STREPTOMYCIN,EXACTX,281,281,100,100,281,WP_022675713.1,ANT(3'')-Ia family aminoglycoside nucleotidyltransferase AadA6,NA,NA
Blood_P11,NA,contig_29,474262,474606,+,qacEdelta1,quaternary ammonium compound efflux SMR transporter QacE delta 1,core,STRESS,BIOCIDE,QUATERNARY AMMONIUM,QUATERNARY AMMONIUM,ALLELEX,115,115,100,100,115,WP_000679427.1,quaternary ammonium compound efflux SMR transporter QacE delta 1,NA,NA
Blood_P11,OHLFDD_07319,contig_29,474603,475442,+,sul1,sulfonamide-resistant dihydropteroate synthase Sul1,core,AMR,AMR,SULFONAMIDE,SULFONAMIDE,EXACTP,279,279,100,100,279,WP_000259031.1,sulfonamide-resistant dihydropteroate synthase Sul1,NF000294.1,sulfonamide-resistant dihydropteroate synthase Sul1
Blood_P11,OHLFDD_00312,contig_4,92229,93473,-,mexE,multidrug efflux RND transporter periplasmic adaptor subunit MexE,plus,AMR,AMR,EFFLUX,EFFLUX,EXACTP,414,414,100,100,414,AAG05881.1,multidrug efflux RND transporter periplasmic adaptor subunit MexE,NF045904.1,multidrug efflux RND transporter periplasmic adaptor subunit MexE
Blood_P11,OHLFDD_00480,contig_5,103092,104009,-,mexX,multidrug efflux RND transporter periplasmic adaptor subunit MexX,plus,AMR,AMR,EFFLUX,EFFLUX,PARTIALP,305,396,77.02,97.38,305,AAF14522.1,multidrug efflux RND transporter periplasmic adaptor subunit MexX,NA,NA
Blood_P11,NA,contig_5,104444,105078,+,mexZ_Q134NfsTer104,Pseudomonas aeruginosa aminoglycoside/cefepime/fluoroquinolone resistant MexZ,core,AMR,POINT_DISRUPT,AMINOGLYCOSIDE/BETA-LACTAM/QUINOLONE,AMINOGLYCOSIDE/CEFEPIME/FLUOROQUINOLONE,POINTX,211,210,100,98.1,211,WP_003088626.1,efflux pump transcriptional repressor MexZ,NA,NA
Blood_P11,NA,contig_6,328055,328852,+,blaVIM-2,subclass B1 metallo-beta-lactamase VIM-2,core,AMR,AMR,BETA-LACTAM,CARBAPENEM,ALLELEX,266,266,100,100,266,WP_003108247.1,subclass B1 metallo-beta-lactamase VIM-2,NF012100.0,VIM family subclass B1 metallo-beta-lactamase
Blood_P11,NA,contig_6,329424,329828,+,aac(6')-29,aminoglycoside 6'-N-acetyltransferase AAC(6')-29,core,AMR,AMR,AMINOGLYCOSIDE,AMINOGLYCOSIDE,BLASTX,135,135,100,100,135,WP_039110076.1,aminoglycoside 6'-N-acetyltransferase AAC(6')-29,NA,NA
Blood_P11,OHLFDD_01348,contig_7,390370,391839,-,pmrB_V15I,Pseudomonas aeruginosa colistin resistant PmrB,core,AMR,POINT,COLISTIN,COLISTIN,POINTP,489,477,98.11,98.93,468,WP_003112923.1,two-component system sensor histidine kinase PmrB,NA,NA
Blood_P11,OHLFDD_01998,contig_9,206023,206394,-,merD,mercury resistance co-regulator MerD,plus,STRESS,METAL,MERCURY,MERCURY,BLASTP,123,121,95.87,94.83,116,AAA88370.1,mercury resistance co-regulator MerD,NF033783.1,mercury resistance co-regulator MerD
Blood_P11,OHLFDD_02001,contig_9,208164,208439,-,merP,mercury resistance system periplasmic binding protein MerP,plus,STRESS,METAL,MERCURY,MERCURY,EXACTP,91,91,100,100,91,AAA98223.1,mercury resistance system periplasmic binding protein MerP,TIGR02052.1,mercury resistance system periplasmic binding protein MerP
Blood_P11,OHLFDD_02002,contig_9,208455,208805,-,merT,mercuric transport protein MerT,plus,STRESS,METAL,MERCURY,MERCURY,EXACTP,116,116,100,100,116,AAA98222.1,mercuric transport protein MerT,NA,NA
Blood_P11,OHLFDD_02003,contig_9,209028,209321,+,merR,mercury resistance transcriptional regulator MerR,plus,STRESS,METAL,MERCURY,MERCURY,PARTIALP,97,144,59.72,96.51,86,AAA98221.1,mercury resistance transcriptional regulator MerR,NA,NA
Rectal_1_P12,MGMDOD_00156,contig_1,150571,150807,-,merE,broad-spectrum mercury transporter MerE,plus,STRESS,METAL,MERCURY,MERCURY,BLASTP,78,78,100,94.87,78,AAA88371.1,broad-spectrum mercury transporter MerE,NF010310.2,broad-spectrum mercury transporter MerE
Rectal_1_P12,MGMDOD_00157,contig_1,150804,151169,-,merD,mercury resistance co-regulator MerD,plus,STRESS,METAL,MERCURY,MERCURY,BLASTP,121,121,100,95.04,121,AAA88370.1,mercury resistance co-regulator MerD,NF033783.1,mercury resistance co-regulator MerD
Rectal_1_P12,MGMDOD_00158,contig_1,151187,152872,-,merA,mercury(II) reductase,plus,STRESS,METAL,MERCURY,MERCURY,BLASTP,561,561,100,91.27,561,ACU65296.1,mercury(II) reductase,TIGR02053.1,mercury(II) reductase
Rectal_1_P12,MGMDOD_00159,contig_1,152944,153219,-,merP,mercury resistance system periplasmic binding protein MerP,plus,STRESS,METAL,MERCURY,MERCURY,EXACTP,91,91,100,100,91,AAA98223.1,mercury resistance system periplasmic binding protein MerP,TIGR02052.1,mercury resistance system periplasmic binding protein MerP
Rectal_1_P12,NA,contig_1,153396,153584,-,merT,mercuric transport protein MerT,plus,STRESS,METAL,MERCURY,MERCURY,PARTIALX,63,116,54.31,100,63,AAA98222.1,mercuric transport protein MerT,NA,NA
Rectal_1_P12,MGMDOD_00160,contig_1,153656,154090,+,merR,mercury resistance transcriptional regulator MerR,plus,STRESS,METAL,MERCURY,MERCURY,EXACTP,144,144,100,100,144,AAA98221.1,mercury resistance transcriptional regulator MerR,NF010315.0,mercury resistance transcriptional regulator MerR
Rectal_1_P12,MGMDOD_00183,contig_1,177311,178150,-,sul1,sulfonamide-resistant dihydropteroate synthase Sul1,core,AMR,AMR,SULFONAMIDE,SULFONAMIDE,EXACTP,279,279,100,100,279,WP_000259031.1,sulfonamide-resistant dihydropteroate synthase Sul1,NF000294.1,sulfonamide-resistant dihydropteroate synthase Sul1
Rectal_1_P12,NA,contig_1,178147,178491,-,qacEdelta1,quaternary ammonium compound efflux SMR transporter QacE delta 1,core,STRESS,BIOCIDE,QUATERNARY AMMONIUM,QUATERNARY AMMONIUM,ALLELEX,115,115,100,100,115,WP_000679427.1,quaternary ammonium compound efflux SMR transporter QacE delta 1,NA,NA
Rectal_1_P12,NA,contig_1,178931,179773,-,aadA6,ANT(3'')-Ia family aminoglycoside nucleotidyltransferase AadA6,core,AMR,AMR,AMINOGLYCOSIDE,STREPTOMYCIN,EXACTX,281,281,100,100,281,WP_022675713.1,ANT(3'')-Ia family aminoglycoside nucleotidyltransferase AadA6,NA,NA
Rectal_1_P12,MGMDOD_00682,contig_1,638077,638352,+,merP,mercury resistance system periplasmic binding protein MerP,plus,STRESS,METAL,MERCURY,MERCURY,HMM,91,91,100,49.45,91,AAC38232.1,mercury resistance system periplasmic binding protein MerP,TIGR02052.1,mercury resistance system periplasmic binding protein MerP
Rectal_1_P12,MGMDOD_00699,contig_1,658898,661663,-,gyrA_T83I,Pseudomonas aeruginosa quinolone resistant GyrA,core,AMR,POINT,QUINOLONE,QUINOLONE,POINTP,921,923,100,99.67,923,WP_003091448.1,DNA gyrase subunit A GyrA,NA,NA
Rectal_1_P12,NA,contig_1,1124660,1125302,+,nalD_R160DfsTer88,Pseudomonas aeruginosa aztreonam/carbapenem/chloramphenicol/tetracycline/vaborbactam resistant NalD,core,AMR,POINT_DISRUPT,MULTIDRUG,AZTREONAM/CARBAPENEM/CHLORAMPHENICOL/TETRACYCLINE/VABORBACTAM,POINTX,214,212,100,100,212,WP_003092152.1,efflux system transcriptional repressor NalD,NA,NA
Rectal_1_P12,MGMDOD_01325,contig_1,1284751,1285185,+,nalC_G71E,Pseudomonas aeruginosa carbapenem resistant NalC,core,AMR,POINT,BETA-LACTAM,CARBAPENEM,POINTP,144,213,61.97,99.24,132,WP_003113837.1,efflux system transcriptional repressor NalC,NA,NA
Rectal_1_P12,MGMDOD_01400,contig_1,1364597,1365031,-,merR,mercury resistance transcriptional regulator MerR,plus,STRESS,METAL,MERCURY,MERCURY,EXACTP,144,144,100,100,144,CAA77320.1,mercury resistance transcriptional regulator MerR,NF010315.0,mercury resistance transcriptional regulator MerR
Rectal_1_P12,MGMDOD_01401,contig_1,1365103,1365453,+,merT,mercuric transport protein MerT,plus,STRESS,METAL,MERCURY,MERCURY,BLASTP,116,116,100,93.1,116,CAA70196.1,mercuric transport protein MerT,NA,NA
Rectal_1_P12,MGMDOD_01402,contig_1,1365466,1365741,+,merP,mercury resistance system periplasmic binding protein MerP,plus,STRESS,METAL,MERCURY,MERCURY,EXACTP,91,91,100,100,91,AAC38219.1,mercury resistance system periplasmic binding protein MerP,TIGR02052.1,mercury resistance system periplasmic binding protein MerP
Rectal_1_P12,MGMDOD_01403,contig_1,1365813,1367498,+,merA,mercury(II) reductase,plus,STRESS,METAL,MERCURY,MERCURY,BLASTP,561,561,100,98.4,561,AAC38220.1,mercury(II) reductase,TIGR02053.1,mercury(II) reductase
Rectal_1_P12,MGMDOD_01404,contig_1,1367516,1367881,+,merD,mercury resistance co-regulator MerD,plus,STRESS,METAL,MERCURY,MERCURY,EXACTP,121,121,100,100,121,ABF13034.1,mercury resistance co-regulator MerD,NF033783.1,mercury resistance co-regulator MerD
Rectal_1_P12,MGMDOD_01405,contig_1,1367878,1368114,+,merE,broad-spectrum mercury transporter MerE,plus,STRESS,METAL,MERCURY,MERCURY,EXACTP,78,78,100,100,78,CAA77325.1,broad-spectrum mercury transporter MerE,NF010310.2,broad-spectrum mercury transporter MerE
Rectal_1_P12,MGMDOD_01791,contig_1,1742181,1743374,+,blaPDC-34,class C beta-lactamase PDC-34,core,AMR,AMR,BETA-LACTAM,CEPHALOSPORIN,ALLELEP,397,397,100,100,397,WP_003137570.1,class C beta-lactamase PDC-34,NF000422.6,PDC family class C beta-lactamase
Rectal_1_P12,MGMDOD_01801,contig_1,1755728,1756531,-,aph(3')-IIb,aminoglycoside O-phosphotransferase APH(3')-IIb,core,AMR,AMR,AMINOGLYCOSIDE,KANAMYCIN,BLASTP,267,268,100,99.25,268,WP_003113011.1,aminoglycoside O-phosphotransferase APH(3')-IIb,NF032898.2,APH(3')-II family aminoglycoside O-phosphotransferase
Rectal_1_P12,MGMDOD_02307,contig_1,2228507,2229658,-,mexA,multidrug efflux RND transporter periplasmic adaptor subunit MexA,plus,AMR,AMR,EFFLUX,EFFLUX,EXACTP,383,383,100,100,383,AAA74436.1,multidrug efflux RND transporter periplasmic adaptor subunit MexA,NF033834.1,multidrug efflux RND transporter periplasmic adaptor subunit MexA
Rectal_1_P12,MGMDOD_02908,contig_1,2834667,2835455,-,blaOXA-488,OXA-50 family oxacillin-hydrolyzing class D beta-lactamase OXA-488,core,AMR,AMR,BETA-LACTAM,BETA-LACTAM,ALLELEP,262,262,100,100,262,WP_003097028.1,OXA-50 family oxacillin-hydrolyzing class D beta-lactamase OXA-488,NF000432.2,OXA-50 family oxacillin-hydrolyzing class D beta-lactamase
Rectal_1_P12,MGMDOD_03846,contig_2,183364,184863,-,pmrB_V15I,Pseudomonas aeruginosa colistin resistant PmrB,core,AMR,POINT,COLISTIN,COLISTIN,POINTP,499,477,88.05,95.71,420,WP_003112923.1,two-component system sensor histidine kinase PmrB,NA,NA
Rectal_1_P12,MGMDOD_04405,contig_2,717689,719020,+,ftsI_R504C,Pseudomonas aeruginosa carbapenem resistant FtsI,core,AMR,POINT,BETA-LACTAM,CARBAPENEM,POINTP,443,579,76.51,99.55,443,WP_003094139.1,penicillin-binding protein PBP3 FtsI,NA,NA
Rectal_1_P12,MGMDOD_04617,contig_2,934287,934820,-,catB7,type B-4 chloramphenicol O-acetyltransferase CatB7,core,AMR,AMR,PHENICOL,CHLORAMPHENICOL,INTERNAL_STOP,177,212,83.49,98.87,177,WP_003112709.1,type B-4 chloramphenicol O-acetyltransferase CatB7,NF000490.1,type B chloramphenicol O-acetyltransferase
Rectal_1_P12,MGMDOD_05160,contig_2,1445422,1445829,+,fosA,FosA family fosfomycin resistance glutathione transferase,core,AMR,AMR,FOSFOMYCIN,FOSFOMYCIN,EXACTP,135,135,100,100,135,WP_003082280.1,FosA family fosfomycin resistance glutathione transferase,NF000094.1,FosA family fosfomycin resistance glutathione transferase
Rectal_1_P12,MGMDOD_06222,contig_2,2479435,2480646,-,mexX,multidrug efflux RND transporter periplasmic adaptor subunit MexX,plus,AMR,AMR,EFFLUX,EFFLUX,BLASTP,403,396,95.2,98.94,377,AAF14522.1,multidrug efflux RND transporter periplasmic adaptor subunit MexX,NA,NA
Rectal_1_P12,MGMDOD_06545,contig_2,2813353,2813628,-,merP,mercury resistance system periplasmic binding protein MerP,plus,STRESS,METAL,MERCURY,MERCURY,HMM,91,91,100,49.45,91,AAC38232.1,mercury resistance system periplasmic binding protein MerP,TIGR02052.1,mercury resistance system periplasmic binding protein MerP
Rectal_1_P12,MGMDOD_06898,contig_2,3225855,3227000,+,mexE,multidrug efflux RND transporter periplasmic adaptor subunit MexE,plus,AMR,AMR,EFFLUX,EFFLUX,BLASTP,381,414,92.03,100,381,AAG05881.1,multidrug efflux RND transporter periplasmic adaptor subunit MexE,NA,NA
Rectal_2_P12,GMOEHA_00194,contig_1,175196,176629,-,pmrB_V15I,Pseudomonas aeruginosa colistin resistant PmrB,core,AMR,POINT,COLISTIN,COLISTIN,POINTP,477,477,100,98.95,477,WP_003112923.1,two-component system sensor histidine kinase PmrB,NA,NA
Rectal_2_P12,GMOEHA_00955,contig_1,926039,926572,-,catB7,type B-4 chloramphenicol O-acetyltransferase CatB7,core,AMR,AMR,PHENICOL,CHLORAMPHENICOL,INTERNAL_STOP,177,212,83.49,98.87,177,WP_003112709.1,type B-4 chloramphenicol O-acetyltransferase CatB7,NF000490.1,type B chloramphenicol O-acetyltransferase
Rectal_2_P12,GMOEHA_01522,contig_1,1437117,1437524,+,fosA,FosA family fosfomycin resistance glutathione transferase,core,AMR,AMR,FOSFOMYCIN,FOSFOMYCIN,EXACTP,135,135,100,100,135,WP_003082280.1,FosA family fosfomycin resistance glutathione transferase,NF000094.1,FosA family fosfomycin resistance glutathione transferase
Rectal_2_P12,GMOEHA_01798,contig_2,144213,144449,-,merE,broad-spectrum mercury transporter MerE,plus,STRESS,METAL,MERCURY,MERCURY,BLASTP,78,78,100,94.87,78,AAA88371.1,broad-spectrum mercury transporter MerE,NF010310.2,broad-spectrum mercury transporter MerE
Rectal_2_P12,GMOEHA_01799,contig_2,144446,144811,-,merD,mercury resistance co-regulator MerD,plus,STRESS,METAL,MERCURY,MERCURY,BLASTP,121,121,100,95.04,121,AAA88370.1,mercury resistance co-regulator MerD,NF033783.1,mercury resistance co-regulator MerD
Rectal_2_P12,GMOEHA_01800,contig_2,144829,146514,-,merA,mercury(II) reductase,plus,STRESS,METAL,MERCURY,MERCURY,BLASTP,561,561,100,91.27,561,ACU65296.1,mercury(II) reductase,TIGR02053.1,mercury(II) reductase
Rectal_2_P12,GMOEHA_01801,contig_2,146586,146861,-,merP,mercury resistance system periplasmic binding protein MerP,plus,STRESS,METAL,MERCURY,MERCURY,EXACTP,91,91,100,100,91,AAA98223.1,mercury resistance system periplasmic binding protein MerP,TIGR02052.1,mercury resistance system periplasmic binding protein MerP
Rectal_2_P12,GMOEHA_01802,contig_2,146877,147227,-,merT,mercuric transport protein MerT,plus,STRESS,METAL,MERCURY,MERCURY,EXACTP,116,116,100,100,116,AAA98222.1,mercuric transport protein MerT,NA,NA
Rectal_2_P12,GMOEHA_01803,contig_2,147299,147733,+,merR,mercury resistance transcriptional regulator MerR,plus,STRESS,METAL,MERCURY,MERCURY,EXACTP,144,144,100,100,144,AAA98221.1,mercury resistance transcriptional regulator MerR,NF010315.0,mercury resistance transcriptional regulator MerR
Rectal_2_P12,GMOEHA_01828,contig_2,170951,171790,-,sul1,sulfonamide-resistant dihydropteroate synthase Sul1,core,AMR,AMR,SULFONAMIDE,SULFONAMIDE,EXACTP,279,279,100,100,279,WP_000259031.1,sulfonamide-resistant dihydropteroate synthase Sul1,NF000294.1,sulfonamide-resistant dihydropteroate synthase Sul1
Rectal_2_P12,NA,contig_2,171787,172131,-,qacEdelta1,quaternary ammonium compound efflux SMR transporter QacE delta 1,core,STRESS,BIOCIDE,QUATERNARY AMMONIUM,QUATERNARY AMMONIUM,ALLELEX,115,115,100,100,115,WP_000679427.1,quaternary ammonium compound efflux SMR transporter QacE delta 1,NA,NA
Rectal_2_P12,NA,contig_2,172571,173185,-,aadA6,ANT(3'')-Ia family aminoglycoside nucleotidyltransferase AadA6,core,AMR,AMR,AMINOGLYCOSIDE,STREPTOMYCIN,PARTIALX,205,281,72.95,100,205,WP_022675713.1,ANT(3'')-Ia family aminoglycoside nucleotidyltransferase AadA6,NA,NA
Rectal_2_P12,GMOEHA_02320,contig_2,631734,632009,+,merP,mercury resistance system periplasmic binding protein MerP,plus,STRESS,METAL,MERCURY,MERCURY,HMM,91,91,100,49.45,91,AAC38232.1,mercury resistance system periplasmic binding protein MerP,TIGR02052.1,mercury resistance system periplasmic binding protein MerP
Rectal_2_P12,NA,contig_2,1118231,1118873,+,nalD_R160DfsTer88,Pseudomonas aeruginosa aztreonam/carbapenem/chloramphenicol/tetracycline/vaborbactam resistant NalD,core,AMR,POINT_DISRUPT,MULTIDRUG,AZTREONAM/CARBAPENEM/CHLORAMPHENICOL/TETRACYCLINE/VABORBACTAM,POINTX,214,212,100,100,212,WP_003092152.1,efflux system transcriptional repressor NalD,NA,NA
Rectal_2_P12,GMOEHA_02991,contig_2,1278315,1278956,+,nalC_G71E,Pseudomonas aeruginosa carbapenem resistant NalC,core,AMR,POINT,BETA-LACTAM,CARBAPENEM,POINTP,213,213,100,98.59,213,WP_003113837.1,efflux system transcriptional repressor NalC,NA,NA
Rectal_2_P12,GMOEHA_02991,contig_2,1278315,1278956,+,nalC_S209R,Pseudomonas aeruginosa carbapenem resistant NalC,core,AMR,POINT,BETA-LACTAM,CARBAPENEM,POINTP,213,213,100,98.59,213,WP_003113837.1,efflux system transcriptional repressor NalC,NA,NA
Rectal_2_P12,GMOEHA_03065,contig_2,1358169,1358603,-,merR,mercury resistance transcriptional regulator MerR,plus,STRESS,METAL,MERCURY,MERCURY,EXACTP,144,144,100,100,144,CAA77320.1,mercury resistance transcriptional regulator MerR,NF010315.0,mercury resistance transcriptional regulator MerR
Rectal_2_P12,GMOEHA_03066,contig_2,1358675,1359025,+,merT,mercuric transport protein MerT,plus,STRESS,METAL,MERCURY,MERCURY,BLASTP,116,116,100,93.1,116,CAA70196.1,mercuric transport protein MerT,NA,NA
Rectal_2_P12,GMOEHA_03067,contig_2,1359038,1359313,+,merP,mercury resistance system periplasmic binding protein MerP,plus,STRESS,METAL,MERCURY,MERCURY,EXACTP,91,91,100,100,91,AAC38219.1,mercury resistance system periplasmic binding protein MerP,TIGR02052.1,mercury resistance system periplasmic binding protein MerP
Rectal_2_P12,GMOEHA_03068,contig_2,1359385,1361070,+,merA,mercury(II) reductase,plus,STRESS,METAL,MERCURY,MERCURY,BLASTP,561,561,100,98.4,561,AAC38220.1,mercury(II) reductase,TIGR02053.1,mercury(II) reductase
Rectal_2_P12,GMOEHA_03069,contig_2,1361088,1361453,+,merD,mercury resistance co-regulator MerD,plus,STRESS,METAL,MERCURY,MERCURY,EXACTP,121,121,100,100,121,ABF13034.1,mercury resistance co-regulator MerD,NF033783.1,mercury resistance co-regulator MerD
Rectal_2_P12,GMOEHA_03070,contig_2,1361450,1361686,+,merE,broad-spectrum mercury transporter MerE,plus,STRESS,METAL,MERCURY,MERCURY,EXACTP,78,78,100,100,78,CAA77325.1,broad-spectrum mercury transporter MerE,NF010310.2,broad-spectrum mercury transporter MerE
Rectal_2_P12,GMOEHA_03463,contig_2,1735750,1736943,+,blaPDC-34,class C beta-lactamase PDC-34,core,AMR,AMR,BETA-LACTAM,CEPHALOSPORIN,ALLELEP,397,397,100,100,397,WP_003137570.1,class C beta-lactamase PDC-34,NF000422.6,PDC family class C beta-lactamase
Rectal_2_P12,GMOEHA_03472,contig_2,1749299,1750102,-,aph(3')-IIb,aminoglycoside O-phosphotransferase APH(3')-IIb,core,AMR,AMR,AMINOGLYCOSIDE,KANAMYCIN,BLASTP,267,268,100,99.25,268,WP_003113011.1,aminoglycoside O-phosphotransferase APH(3')-IIb,NF032898.2,APH(3')-II family aminoglycoside O-phosphotransferase
Rectal_2_P12,NA,contig_2,1907920,1910078,-,fptA_G319AfsTer32,Pseudomonas aeruginosa cefiderocol resistant FptA,core,AMR,POINT_DISRUPT,BETA-LACTAM,CEFIDEROCOL,POINTX,719,720,100,100,719,WP_003111969.1,Fe(3+)-pyochelin receptor FptA,NA,NA
Rectal_2_P12,GMOEHA_03986,contig_2,2222045,2223196,-,mexA,multidrug efflux RND transporter periplasmic adaptor subunit MexA,plus,AMR,AMR,EFFLUX,EFFLUX,EXACTP,383,383,100,100,383,AAA74436.1,multidrug efflux RND transporter periplasmic adaptor subunit MexA,NF033834.1,multidrug efflux RND transporter periplasmic adaptor subunit MexA
Rectal_2_P12,GMOEHA_04581,contig_2,2828229,2829017,-,blaOXA-488,OXA-50 family oxacillin-hydrolyzing class D beta-lactamase OXA-488,core,AMR,AMR,BETA-LACTAM,BETA-LACTAM,ALLELEP,262,262,100,100,262,WP_003097028.1,OXA-50 family oxacillin-hydrolyzing class D beta-lactamase OXA-488,NF000432.2,OXA-50 family oxacillin-hydrolyzing class D beta-lactamase
Rectal_2_P12,GMOEHA_06349,contig_4,917655,918902,-,mexX,multidrug efflux RND transporter periplasmic adaptor subunit MexX,plus,AMR,AMR,EFFLUX,EFFLUX,BLASTP,415,396,97.47,98.96,386,AAF14522.1,multidrug efflux RND transporter periplasmic adaptor subunit MexX,NA,NA
Rectal_2_P12,GMOEHA_06682,contig_4,1251576,1251851,-,merP,mercury resistance system periplasmic binding protein MerP,plus,STRESS,METAL,MERCURY,MERCURY,HMM,91,91,100,49.45,91,AAC38232.1,mercury resistance system periplasmic binding protein MerP,TIGR02052.1,mercury resistance system periplasmic binding protein MerP
Rectal_2_P12,GMOEHA_07044,contig_4,1664018,1665163,+,mexE,multidrug efflux RND transporter periplasmic adaptor subunit MexE,plus,AMR,AMR,EFFLUX,EFFLUX,BLASTP,381,414,92.03,100,381,AAG05881.1,multidrug efflux RND transporter periplasmic adaptor subunit MexE,NA,NA
Rectal_P2,OPGGFO_00152,contig_1,140207,141454,-,mexX,multidrug efflux RND transporter periplasmic adaptor subunit MexX,plus,AMR,AMR,EFFLUX,EFFLUX,BLASTP,415,396,97.47,98.96,386,AAF14522.1,multidrug efflux RND transporter periplasmic adaptor subunit MexX,NA,NA
Rectal_P2,NA,contig_1,888500,889150,+,mexE,multidrug efflux RND transporter periplasmic adaptor subunit MexE,plus,AMR,AMR,EFFLUX,EFFLUX,PARTIALX,217,414,52.42,100,217,AAG05881.1,multidrug efflux RND transporter periplasmic adaptor subunit MexE,NA,NA
Rectal_P2,OPGGFO_01293,contig_1,1291078,1291314,-,merE,broad-spectrum mercury transporter MerE,plus,STRESS,METAL,MERCURY,MERCURY,BLASTP,78,78,100,94.87,78,AAA88371.1,broad-spectrum mercury transporter MerE,NF010310.2,broad-spectrum mercury transporter MerE
Rectal_P2,OPGGFO_01294,contig_1,1291311,1291676,-,merD,mercury resistance co-regulator MerD,plus,STRESS,METAL,MERCURY,MERCURY,BLASTP,121,121,100,95.04,121,AAA88370.1,mercury resistance co-regulator MerD,NF033783.1,mercury resistance co-regulator MerD
Rectal_P2,OPGGFO_01297,contig_1,1293450,1293725,-,merP,mercury resistance system periplasmic binding protein MerP,plus,STRESS,METAL,MERCURY,MERCURY,EXACTP,91,91,100,100,91,AAA98223.1,mercury resistance system periplasmic binding protein MerP,TIGR02052.1,mercury resistance system periplasmic binding protein MerP
Rectal_P2,OPGGFO_01298,contig_1,1293722,1294090,-,merT,mercuric transport protein MerT,plus,STRESS,METAL,MERCURY,MERCURY,BLASTP,122,116,93.97,100,109,AAA98222.1,mercuric transport protein MerT,NA,NA
Rectal_P2,OPGGFO_01299,contig_1,1294143,1294595,+,merR,mercury resistance transcriptional regulator MerR,plus,STRESS,METAL,MERCURY,MERCURY,BLASTP,150,144,98.61,99.3,142,AAA98221.1,mercury resistance transcriptional regulator MerR,NF010315.0,mercury resistance transcriptional regulator MerR
Rectal_P2,OPGGFO_01324,contig_1,1317806,1318645,-,sul1,sulfonamide-resistant dihydropteroate synthase Sul1,core,AMR,AMR,SULFONAMIDE,SULFONAMIDE,EXACTP,279,279,100,100,279,WP_000259031.1,sulfonamide-resistant dihydropteroate synthase Sul1,NF000294.1,sulfonamide-resistant dihydropteroate synthase Sul1
Rectal_P2,NA,contig_1,1318642,1318986,-,qacEdelta1,quaternary ammonium compound efflux SMR transporter QacE delta 1,core,STRESS,BIOCIDE,QUATERNARY AMMONIUM,QUATERNARY AMMONIUM,ALLELEX,115,115,100,100,115,WP_000679427.1,quaternary ammonium compound efflux SMR transporter QacE delta 1,NA,NA
Rectal_P2,NA,contig_1,1319425,1320039,-,aadA6,ANT(3'')-Ia family aminoglycoside nucleotidyltransferase AadA6,core,AMR,AMR,AMINOGLYCOSIDE,STREPTOMYCIN,PARTIALX,205,281,72.95,100,205,WP_022675713.1,ANT(3'')-Ia family aminoglycoside nucleotidyltransferase AadA6,NA,NA
Rectal_P2,OPGGFO_01851,contig_1,1798988,1801585,-,gyrA_T83I,Pseudomonas aeruginosa quinolone resistant GyrA,core,AMR,POINT,QUINOLONE,QUINOLONE,POINTP,865,923,92.85,99.88,857,WP_003091448.1,DNA gyrase subunit A GyrA,NA,NA
Rectal_P2,NA,contig_1,2264421,2265063,+,nalD_R160DfsTer88,Pseudomonas aeruginosa aztreonam/carbapenem/chloramphenicol/tetracycline/vaborbactam resistant NalD,core,AMR,POINT_DISRUPT,MULTIDRUG,AZTREONAM/CARBAPENEM/CHLORAMPHENICOL/TETRACYCLINE/VABORBACTAM,POINTX,214,212,100,100,212,WP_003092152.1,efflux system transcriptional repressor NalD,NA,NA
Rectal_P2,NA,contig_1,2424454,2424885,+,nalC_G71E,Pseudomonas aeruginosa carbapenem resistant NalC,core,AMR,POINT,BETA-LACTAM,CARBAPENEM,POINTX,144,213,67.61,98.61,144,WP_003113837.1,efflux system transcriptional repressor NalC,NA,NA
Rectal_P2,OPGGFO_02573,contig_1,2504250,2504684,-,merR,mercury resistance transcriptional regulator MerR,plus,STRESS,METAL,MERCURY,MERCURY,EXACTP,144,144,100,100,144,CAA77320.1,mercury resistance transcriptional regulator MerR,NF010315.0,mercury resistance transcriptional regulator MerR
Rectal_P2,OPGGFO_02574,contig_1,2504756,2505106,+,merT,mercuric transport protein MerT,plus,STRESS,METAL,MERCURY,MERCURY,BLASTP,116,116,100,93.1,116,CAA70196.1,mercuric transport protein MerT,NA,NA
Rectal_P2,OPGGFO_02575,contig_1,2505119,2505394,+,merP,mercury resistance system periplasmic binding protein MerP,plus,STRESS,METAL,MERCURY,MERCURY,BLASTP,91,91,100,98.9,91,AAC38219.1,mercury resistance system periplasmic binding protein MerP,TIGR02052.1,mercury resistance system periplasmic binding protein MerP
Rectal_P2,OPGGFO_02579,contig_1,2507167,2507532,+,merD,mercury resistance co-regulator MerD,plus,STRESS,METAL,MERCURY,MERCURY,EXACTP,121,121,100,100,121,ABF13034.1,mercury resistance co-regulator MerD,NF033783.1,mercury resistance co-regulator MerD
Rectal_P2,OPGGFO_02580,contig_1,2507529,2507765,+,merE,broad-spectrum mercury transporter MerE,plus,STRESS,METAL,MERCURY,MERCURY,EXACTP,78,78,100,100,78,CAA77325.1,broad-spectrum mercury transporter MerE,NF010310.2,broad-spectrum mercury transporter MerE
Rectal_P2,OPGGFO_03002,contig_1,2881957,2882913,+,blaPDC,PDC family class C beta-lactamase,core,AMR,AMR,BETA-LACTAM,CEPHALOSPORIN,PARTIALP,318,397,80.1,99.69,318,WP_003137570.1,class C beta-lactamase PDC-34,NF033085.1,class C beta-lactamase
Rectal_P2,OPGGFO_03014,contig_1,2895264,2895797,-,aph(3')-IIb,aminoglycoside O-phosphotransferase APH(3')-IIb,core,AMR,AMR,AMINOGLYCOSIDE,KANAMYCIN,PARTIALP,177,268,63.06,100,169,WP_003113011.1,aminoglycoside O-phosphotransferase APH(3')-IIb,NF033068.1,APH(3') family aminoglycoside O-phosphotransferase
Rectal_P2,OPGGFO_03543,contig_1,3368314,3369006,-,mexA,multidrug efflux RND transporter periplasmic adaptor subunit MexA,plus,AMR,AMR,EFFLUX,EFFLUX,PARTIALP,230,383,60.05,100,230,AAA74436.1,multidrug efflux RND transporter periplasmic adaptor subunit MexA,NA,NA
Rectal_P2,NA,contig_1,3369281,3369720,+,mexR_L102WfsTer54,Pseudomonas aeruginosa aztreonam-avibactam/carbapenem/cephalosporin/chloramphenicol/vaborbactam resistant MexR,core,AMR,POINT_DISRUPT,MULTIDRUG,AZTREONAM-AVIBACTAM/CARBAPENEM/CEPHALOSPORIN/CHLORAMPHENICOL/VABORBACTAM,POINTX,146,147,100,99.32,146,WP_003114897.1,effux pump transcriptional repressor MexR,NA,NA
Rectal_P2,OPGGFO_04188,contig_1,3973737,3974525,-,blaOXA-488,OXA-50 family oxacillin-hydrolyzing class D beta-lactamase OXA-488,core,AMR,AMR,BETA-LACTAM,BETA-LACTAM,ALLELEP,262,262,100,100,262,WP_003097028.1,OXA-50 family oxacillin-hydrolyzing class D beta-lactamase OXA-488,NF000432.2,OXA-50 family oxacillin-hydrolyzing class D beta-lactamase
Rectal_P2,OPGGFO_05134,contig_1,4876488,4877921,-,pmrB_V15I,Pseudomonas aeruginosa colistin resistant PmrB,core,AMR,POINT,COLISTIN,COLISTIN,POINTP,477,477,100,98.95,477,WP_003112923.1,two-component system sensor histidine kinase PmrB,NA,NA
Rectal_P2,OPGGFO_05581,contig_1,5303897,5305708,+,ftsI_R504C,Pseudomonas aeruginosa carbapenem resistant FtsI,core,AMR,POINT,BETA-LACTAM,CARBAPENEM,POINTP,603,579,99.65,99.65,577,WP_003094139.1,penicillin-binding protein PBP3 FtsI,NA,NA
Rectal_P2,OPGGFO_05795,contig_1,5520853,5521386,-,catB7,type B-4 chloramphenicol O-acetyltransferase CatB7,core,AMR,AMR,PHENICOL,CHLORAMPHENICOL,INTERNAL_STOP,177,212,83.49,98.31,177,WP_003112709.1,type B-4 chloramphenicol O-acetyltransferase CatB7,NF000490.1,type B chloramphenicol O-acetyltransferase
Rectal_P2,OPGGFO_06368,contig_1,6031757,6032164,+,fosA,FosA family fosfomycin resistance glutathione transferase,core,AMR,AMR,FOSFOMYCIN,FOSFOMYCIN,EXACTP,135,135,100,100,135,WP_003082280.1,FosA family fosfomycin resistance glutathione transferase,NF000094.1,FosA family fosfomycin resistance glutathione transferase
Rectal_P3,COGAEA_00271,contig_2,177997,179430,-,pmrB_V15I,Pseudomonas aeruginosa colistin resistant PmrB,core,AMR,POINT,COLISTIN,COLISTIN,POINTP,477,477,100,98.95,477,WP_003112923.1,two-component system sensor histidine kinase PmrB,NA,NA
Rectal_P3,NA,contig_2,600533,601095,+,ampD_P151RfsTer30,Pseudomonas aeruginosa cephalosporin resistant AmpD,core,AMR,POINT_DISRUPT,BETA-LACTAM,CEPHALOSPORIN,POINTX,187,188,100,100,187,WP_003112844.1,"1,6-anhydro-N-acetylmuramyl-L-alanine amidase AmpD",NA,NA
Rectal_P3,COGAEA_00916,contig_2,741421,742965,+,ftsI_R504C,Pseudomonas aeruginosa carbapenem resistant FtsI,core,AMR,POINT,BETA-LACTAM,CARBAPENEM,POINTP,514,579,84.28,99.59,488,WP_003094139.1,penicillin-binding protein PBP3 FtsI,NA,NA
Rectal_P3,COGAEA_01135,contig_2,958082,958615,-,catB7,type B-4 chloramphenicol O-acetyltransferase CatB7,core,AMR,AMR,PHENICOL,CHLORAMPHENICOL,INTERNAL_STOP,177,212,83.49,98.87,177,WP_003112709.1,type B-4 chloramphenicol O-acetyltransferase CatB7,NF000490.1,type B chloramphenicol O-acetyltransferase
Rectal_P3,COGAEA_01739,contig_2,1468911,1469318,+,fosA,FosA family fosfomycin resistance glutathione transferase,core,AMR,AMR,FOSFOMYCIN,FOSFOMYCIN,EXACTP,135,135,100,100,135,WP_003082280.1,FosA family fosfomycin resistance glutathione transferase,NF000094.1,FosA family fosfomycin resistance glutathione transferase
Rectal_P3,COGAEA_02953,contig_2,2502300,2503400,-,mexX,multidrug efflux RND transporter periplasmic adaptor subunit MexX,plus,AMR,AMR,EFFLUX,EFFLUX,PARTIALP,366,396,87.12,98.84,345,AAF14522.1,multidrug efflux RND transporter periplasmic adaptor subunit MexX,NA,NA
Rectal_P3,NA,contig_2,2503690,2504312,+,mexZ_G28AfsTer210,Pseudomonas aeruginosa aminoglycoside/cefepime/fluoroquinolone resistant MexZ,core,AMR,POINT_DISRUPT,AMINOGLYCOSIDE/BETA-LACTAM/QUINOLONE,AMINOGLYCOSIDE/CEFEPIME/FLUOROQUINOLONE,POINTX,207,210,99.05,96.62,207,WP_003088626.1,efflux pump transcriptional repressor MexZ,NA,NA
Rectal_P3,COGAEA_03730,contig_2,3248243,3249388,+,mexE,multidrug efflux RND transporter periplasmic adaptor subunit MexE,plus,AMR,AMR,EFFLUX,EFFLUX,BLASTP,381,414,92.03,100,381,AAG05881.1,multidrug efflux RND transporter periplasmic adaptor subunit MexE,NA,NA
Rectal_P3,COGAEA_04201,contig_3,151309,151545,-,merE,broad-spectrum mercury transporter MerE,plus,STRESS,METAL,MERCURY,MERCURY,BLASTP,78,78,100,94.87,78,AAA88371.1,broad-spectrum mercury transporter MerE,NF010310.2,broad-spectrum mercury transporter MerE
Rectal_P3,COGAEA_04202,contig_3,151542,151907,-,merD,mercury resistance co-regulator MerD,plus,STRESS,METAL,MERCURY,MERCURY,BLASTP,121,121,100,95.04,121,AAA88370.1,mercury resistance co-regulator MerD,NF033783.1,mercury resistance co-regulator MerD
Rectal_P3,COGAEA_04205,contig_3,153681,153956,-,merP,mercury resistance system periplasmic binding protein MerP,plus,STRESS,METAL,MERCURY,MERCURY,EXACTP,91,91,100,100,91,AAA98223.1,mercury resistance system periplasmic binding protein MerP,TIGR02052.1,mercury resistance system periplasmic binding protein MerP
Rectal_P3,COGAEA_04206,contig_3,153972,154322,-,merT,mercuric transport protein MerT,plus,STRESS,METAL,MERCURY,MERCURY,EXACTP,116,116,100,100,116,AAA98222.1,mercuric transport protein MerT,NA,NA
Rectal_P3,COGAEA_04207,contig_3,154374,154691,+,merR,mercury resistance transcriptional regulator MerR,plus,STRESS,METAL,MERCURY,MERCURY,PARTIALP,105,144,67.36,100,97,AAA98221.1,mercury resistance transcriptional regulator MerR,NA,NA
Rectal_P3,COGAEA_04233,contig_3,177855,178580,-,sul1,sulfonamide-resistant dihydropteroate synthase Sul1,core,AMR,AMR,SULFONAMIDE,SULFONAMIDE,PARTIALP,241,279,65.59,99.45,183,WP_000259018.1,sulfonamide-resistant dihydropteroate synthase Sul1,NA,NA
Rectal_P3,NA,contig_3,178956,179204,-,qacE,quaternary ammonium compound efflux SMR transporter QacE,core,STRESS,BIOCIDE,QUATERNARY AMMONIUM,QUATERNARY AMMONIUM,PARTIALX,83,110,75.45,98.8,83,WP_010890145.1,quaternary ammonium compound efflux SMR transporter QacE,NA,NA
Rectal_P3,NA,contig_3,179643,180485,-,aadA6,ANT(3'')-Ia family aminoglycoside nucleotidyltransferase AadA6,core,AMR,AMR,AMINOGLYCOSIDE,STREPTOMYCIN,EXACTX,281,281,100,100,281,WP_022675713.1,ANT(3'')-Ia family aminoglycoside nucleotidyltransferase AadA6,NA,NA
Rectal_P3,COGAEA_04783,contig_3,638556,638831,+,merP,mercury resistance system periplasmic binding protein MerP,plus,STRESS,METAL,MERCURY,MERCURY,HMM,91,91,100,49.45,91,AAC38232.1,mercury resistance system periplasmic binding protein MerP,TIGR02052.1,mercury resistance system periplasmic binding protein MerP
Rectal_P3,NA,contig_3,1124867,1125509,+,nalD_R160DfsTer88,Pseudomonas aeruginosa aztreonam/carbapenem/chloramphenicol/tetracycline/vaborbactam resistant NalD,core,AMR,POINT_DISRUPT,MULTIDRUG,AZTREONAM/CARBAPENEM/CHLORAMPHENICOL/TETRACYCLINE/VABORBACTAM,POINTX,214,212,100,100,212,WP_003092152.1,efflux system transcriptional repressor NalD,NA,NA
Rectal_P3,NA,contig_3,1284870,1285301,+,nalC_G71E,Pseudomonas aeruginosa carbapenem resistant NalC,core,AMR,POINT,BETA-LACTAM,CARBAPENEM,POINTX,144,213,67.61,98.61,144,WP_003113837.1,efflux system transcriptional repressor NalC,NA,NA
Rectal_P3,COGAEA_05580,contig_3,1364712,1365095,-,merR,mercury resistance transcriptional regulator MerR,plus,STRESS,METAL,MERCURY,MERCURY,PARTIALP,127,144,84.72,100,122,CAA77320.1,mercury resistance transcriptional regulator MerR,NF010315.0,mercury resistance transcriptional regulator MerR
Rectal_P3,COGAEA_05581,contig_3,1365167,1365517,+,merT,mercuric transport protein MerT,plus,STRESS,METAL,MERCURY,MERCURY,BLASTP,116,116,100,93.1,116,CAA70196.1,mercuric transport protein MerT,NA,NA
Rectal_P3,COGAEA_05582,contig_3,1365530,1365805,+,merP,mercury resistance system periplasmic binding protein MerP,plus,STRESS,METAL,MERCURY,MERCURY,EXACTP,91,91,100,100,91,AAC38219.1,mercury resistance system periplasmic binding protein MerP,TIGR02052.1,mercury resistance system periplasmic binding protein MerP
Rectal_P3,COGAEA_05583,contig_3,1365948,1367150,+,merA,mercury(II) reductase,plus,STRESS,METAL,MERCURY,MERCURY,PARTIALP,400,561,62.75,98.58,352,AAC38220.1,mercury(II) reductase,NA,NA
Rectal_P3,COGAEA_05585,contig_3,1367578,1367943,+,merD,mercury resistance co-regulator MerD,plus,STRESS,METAL,MERCURY,MERCURY,EXACTP,121,121,100,100,121,ABF13034.1,mercury resistance co-regulator MerD,NF033783.1,mercury resistance co-regulator MerD
Rectal_P3,NA,contig_3,1368023,1368172,+,merE,broad-spectrum mercury transporter MerE,plus,STRESS,METAL,MERCURY,MERCURY,PARTIALX,50,78,64.1,100,50,CAA77325.1,broad-spectrum mercury transporter MerE,NA,NA
Rectal_P3,COGAEA_06017,contig_3,1742093,1743286,+,blaPDC-34,class C beta-lactamase PDC-34,core,AMR,AMR,BETA-LACTAM,CEPHALOSPORIN,ALLELEP,397,397,100,100,397,WP_003137570.1,class C beta-lactamase PDC-34,NF000422.6,PDC family class C beta-lactamase
Rectal_P3,COGAEA_06031,contig_3,1755638,1756441,-,aph(3')-IIb,aminoglycoside O-phosphotransferase APH(3')-IIb,core,AMR,AMR,AMINOGLYCOSIDE,KANAMYCIN,BLASTP,267,268,100,99.25,268,WP_003113011.1,aminoglycoside O-phosphotransferase APH(3')-IIb,NF032898.2,APH(3')-II family aminoglycoside O-phosphotransferase
Rectal_P3,NA,contig_3,1914201,1916357,-,fptA_K75SfsTer42,Pseudomonas aeruginosa cefiderocol resistant FptA,core,AMR,POINT_DISRUPT,BETA-LACTAM,CEFIDEROCOL,POINTX,719,720,100,100,717,WP_003111969.1,Fe(3+)-pyochelin receptor FptA,NA,NA
Rectal_P3,COGAEA_06585,contig_3,2228188,2229339,-,mexA,multidrug efflux RND transporter periplasmic adaptor subunit MexA,plus,AMR,AMR,EFFLUX,EFFLUX,EXACTP,383,383,100,100,383,AAA74436.1,multidrug efflux RND transporter periplasmic adaptor subunit MexA,NF033834.1,multidrug efflux RND transporter periplasmic adaptor subunit MexA
Rectal_P3,COGAEA_07243,contig_3,2834103,2834891,-,blaOXA-488,OXA-50 family oxacillin-hydrolyzing class D beta-lactamase OXA-488,core,AMR,AMR,BETA-LACTAM,BETA-LACTAM,ALLELEP,262,262,100,100,262,WP_003097028.1,OXA-50 family oxacillin-hydrolyzing class D beta-lactamase OXA-488,NF000432.2,OXA-50 family oxacillin-hydrolyzing class D beta-lactamase
Rectal_P9,NA,contig_2,481033,481675,+,nalD_T11PfsTer31,Pseudomonas aeruginosa aztreonam/carbapenem/chloramphenicol/tetracycline/vaborbactam resistant NalD,core,AMR,POINT_DISRUPT,MULTIDRUG,AZTREONAM/CARBAPENEM/CHLORAMPHENICOL/TETRACYCLINE/VABORBACTAM,POINTX,214,212,100,97.13,209,WP_003092152.1,efflux system transcriptional repressor NalD,NA,NA
Rectal_P9,NA,contig_2,641096,641542,+,nalC_G71E,Pseudomonas aeruginosa carbapenem resistant NalC,core,AMR,POINT,BETA-LACTAM,CARBAPENEM,POINTX,149,213,69.95,98.66,149,WP_003113837.1,efflux system transcriptional repressor NalC,NA,NA
Rectal_P9,BKCCJN_00857,contig_2,720924,721358,-,merR,mercury resistance transcriptional regulator MerR,plus,STRESS,METAL,MERCURY,MERCURY,EXACTP,144,144,100,100,144,CAA77320.1,mercury resistance transcriptional regulator MerR,NF010315.0,mercury resistance transcriptional regulator MerR
Rectal_P9,BKCCJN_00858,contig_2,721430,721780,+,merT,mercuric transport protein MerT,plus,STRESS,METAL,MERCURY,MERCURY,BLASTP,116,116,100,93.1,116,CAA70196.1,mercuric transport protein MerT,NA,NA
Rectal_P9,BKCCJN_00859,contig_2,721793,722068,+,merP,mercury resistance system periplasmic binding protein MerP,plus,STRESS,METAL,MERCURY,MERCURY,EXACTP,91,91,100,100,91,AAC38219.1,mercury resistance system periplasmic binding protein MerP,TIGR02052.1,mercury resistance system periplasmic binding protein MerP
Rectal_P9,BKCCJN_00860,contig_2,722140,723825,+,merA,mercury(II) reductase,plus,STRESS,METAL,MERCURY,MERCURY,BLASTP,561,561,100,98.4,561,AAC38220.1,mercury(II) reductase,TIGR02053.1,mercury(II) reductase
Rectal_P9,BKCCJN_00861,contig_2,723843,724208,+,merD,mercury resistance co-regulator MerD,plus,STRESS,METAL,MERCURY,MERCURY,EXACTP,121,121,100,100,121,ABF13034.1,mercury resistance co-regulator MerD,NF033783.1,mercury resistance co-regulator MerD
Rectal_P9,BKCCJN_00862,contig_2,724205,724441,+,merE,broad-spectrum mercury transporter MerE,plus,STRESS,METAL,MERCURY,MERCURY,EXACTP,78,78,100,100,78,CAA77325.1,broad-spectrum mercury transporter MerE,NF010310.2,broad-spectrum mercury transporter MerE
Rectal_P9,BKCCJN_01266,contig_2,1098730,1099686,+,blaPDC,PDC family class C beta-lactamase,core,AMR,AMR,BETA-LACTAM,CEPHALOSPORIN,PARTIALP,318,397,80.1,99.69,318,WP_003137570.1,class C beta-lactamase PDC-34,NF033085.1,class C beta-lactamase
Rectal_P9,BKCCJN_01279,contig_2,1112036,1112839,-,aph(3')-IIb,aminoglycoside O-phosphotransferase APH(3')-IIb,core,AMR,AMR,AMINOGLYCOSIDE,KANAMYCIN,BLASTP,267,268,100,99.25,268,WP_003113011.1,aminoglycoside O-phosphotransferase APH(3')-IIb,NF032898.2,APH(3')-II family aminoglycoside O-phosphotransferase
Rectal_P9,NA,contig_2,1270654,1272812,-,fptA_S460AfsTer23,Pseudomonas aeruginosa cefiderocol resistant FptA,core,AMR,POINT_DISRUPT,BETA-LACTAM,CEFIDEROCOL,POINTX,719,720,100,100,719,WP_003111969.1,Fe(3+)-pyochelin receptor FptA,NA,NA
Rectal_P9,BKCCJN_01802,contig_2,1584790,1585941,-,mexA,multidrug efflux RND transporter periplasmic adaptor subunit MexA,plus,AMR,AMR,EFFLUX,EFFLUX,EXACTP,383,383,100,100,383,AAA74436.1,multidrug efflux RND transporter periplasmic adaptor subunit MexA,NF033834.1,multidrug efflux RND transporter periplasmic adaptor subunit MexA
Rectal_P9,BKCCJN_02425,contig_2,2190869,2191657,-,blaOXA-488,OXA-50 family oxacillin-hydrolyzing class D beta-lactamase OXA-488,core,AMR,AMR,BETA-LACTAM,BETA-LACTAM,ALLELEP,262,262,100,100,262,WP_003097028.1,OXA-50 family oxacillin-hydrolyzing class D beta-lactamase OXA-488,NF000432.2,OXA-50 family oxacillin-hydrolyzing class D beta-lactamase
Rectal_P9,BKCCJN_03339,contig_3,139621,139857,-,merE,broad-spectrum mercury transporter MerE,plus,STRESS,METAL,MERCURY,MERCURY,BLASTP,78,78,100,94.87,78,AAA88371.1,broad-spectrum mercury transporter MerE,NF010310.2,broad-spectrum mercury transporter MerE
Rectal_P9,BKCCJN_03340,contig_3,139854,140219,-,merD,mercury resistance co-regulator MerD,plus,STRESS,METAL,MERCURY,MERCURY,BLASTP,121,121,100,95.04,121,AAA88370.1,mercury resistance co-regulator MerD,NF033783.1,mercury resistance co-regulator MerD
Rectal_P9,BKCCJN_03345,contig_3,141991,142266,-,merP,mercury resistance system periplasmic binding protein MerP,plus,STRESS,METAL,MERCURY,MERCURY,EXACTP,91,91,100,100,91,AAA98223.1,mercury resistance system periplasmic binding protein MerP,TIGR02052.1,mercury resistance system periplasmic binding protein MerP
Rectal_P9,NA,contig_3,142285,142620,-,merT,mercuric transport protein MerT,plus,STRESS,METAL,MERCURY,MERCURY,BLASTX,112,116,96.55,94.64,112,AAA98222.1,mercuric transport protein MerT,NA,NA
Rectal_P9,BKCCJN_03346,contig_3,142705,143139,+,merR,mercury resistance transcriptional regulator MerR,plus,STRESS,METAL,MERCURY,MERCURY,EXACTP,144,144,100,100,144,AAA98221.1,mercury resistance transcriptional regulator MerR,NF010315.0,mercury resistance transcriptional regulator MerR
Rectal_P9,BKCCJN_03374,contig_3,166359,167198,-,sul1,sulfonamide-resistant dihydropteroate synthase Sul1,core,AMR,AMR,SULFONAMIDE,SULFONAMIDE,EXACTP,279,279,100,100,279,WP_000259031.1,sulfonamide-resistant dihydropteroate synthase Sul1,NF000294.1,sulfonamide-resistant dihydropteroate synthase Sul1
Rectal_P9,NA,contig_3,167195,167539,-,qacEdelta1,quaternary ammonium compound efflux SMR transporter QacE delta 1,core,STRESS,BIOCIDE,QUATERNARY AMMONIUM,QUATERNARY AMMONIUM,ALLELEX,115,115,100,100,115,WP_000679427.1,quaternary ammonium compound efflux SMR transporter QacE delta 1,NA,NA
Rectal_P9,NA,contig_3,167979,168593,-,aadA6,ANT(3'')-Ia family aminoglycoside nucleotidyltransferase AadA6,core,AMR,AMR,AMINOGLYCOSIDE,STREPTOMYCIN,PARTIALX,205,281,72.95,100,205,WP_022675713.1,ANT(3'')-Ia family aminoglycoside nucleotidyltransferase AadA6,NA,NA
Rectal_P9,BKCCJN_04909,contig_4,933807,934985,-,mexX,multidrug efflux RND transporter periplasmic adaptor subunit MexX,plus,AMR,AMR,EFFLUX,EFFLUX,BLASTP,392,396,97.22,98.96,385,AAF14522.1,multidrug efflux RND transporter periplasmic adaptor subunit MexX,NA,NA
Rectal_P9,BKCCJN_05427,contig_6,109918,110325,-,fosA,FosA family fosfomycin resistance glutathione transferase,core,AMR,AMR,FOSFOMYCIN,FOSFOMYCIN,EXACTP,135,135,100,100,135,WP_003082280.1,FosA family fosfomycin resistance glutathione transferase,NF000094.1,FosA family fosfomycin resistance glutathione transferase
Rectal_P9,BKCCJN_06242,contig_7,249999,251144,-,mexE,multidrug efflux RND transporter periplasmic adaptor subunit MexE,plus,AMR,AMR,EFFLUX,EFFLUX,BLASTP,381,414,92.03,99.74,381,AAG05881.1,multidrug efflux RND transporter periplasmic adaptor subunit MexE,NA,NA
Rectal_P9,BKCCJN_06635,contig_7,663185,663460,+,merP,mercury resistance system periplasmic binding protein MerP,plus,STRESS,METAL,MERCURY,MERCURY,HMM,91,91,100,49.45,91,AAC38232.1,mercury resistance system periplasmic binding protein MerP,TIGR02052.1,mercury resistance system periplasmic binding protein MerP
Rectal_P9,BKCCJN_06822,contig_8,161143,162576,-,pmrB_V15I,Pseudomonas aeruginosa colistin resistant PmrB,core,AMR,POINT,COLISTIN,COLISTIN,POINTP,477,477,100,98.95,477,WP_003112923.1,two-component system sensor histidine kinase PmrB,NA,NA
Rectal_P9,BKCCJN_07640,contig_8,911870,912403,-,catB7,type B-4 chloramphenicol O-acetyltransferase CatB7,core,AMR,AMR,PHENICOL,CHLORAMPHENICOL,INTERNAL_STOP,177,212,83.49,98.87,177,WP_003112709.1,type B-4 chloramphenicol O-acetyltransferase CatB7,NF000490.1,type B chloramphenicol O-acetyltransferase
Sputum_P3,AAOLAB_00307,contig_1,250251,251396,-,mexE,multidrug efflux RND transporter periplasmic adaptor subunit MexE,plus,AMR,AMR,EFFLUX,EFFLUX,BLASTP,381,414,92.03,100,381,AAG05881.1,multidrug efflux RND transporter periplasmic adaptor subunit MexE,NA,NA
Sputum_P3,AAOLAB_00719,contig_1,663377,663652,+,merP,mercury resistance system periplasmic binding protein MerP,plus,STRESS,METAL,MERCURY,MERCURY,HMM,91,91,100,49.45,91,AAC38232.1,mercury resistance system periplasmic binding protein MerP,TIGR02052.1,mercury resistance system periplasmic binding protein MerP
Sputum_P3,NA,contig_1,995392,995996,-,mexZ_V79CfsTer262,Pseudomonas aeruginosa aminoglycoside/cefepime/fluoroquinolone resistant MexZ,core,AMR,POINT_DISRUPT,AMINOGLYCOSIDE/BETA-LACTAM/QUINOLONE,AMINOGLYCOSIDE/CEFEPIME/FLUOROQUINOLONE,POINTX,201,210,96.67,98.32,179,WP_003088626.1,efflux pump transcriptional repressor MexZ,NA,NA
Sputum_P3,AAOLAB_01133,contig_1,996173,997066,+,mexX,multidrug efflux RND transporter periplasmic adaptor subunit MexX,plus,AMR,AMR,EFFLUX,EFFLUX,PARTIALP,297,396,56.82,98.67,225,AAF14522.1,multidrug efflux RND transporter periplasmic adaptor subunit MexX,NA,NA
Sputum_P3,AAOLAB_02395,contig_2,139298,139534,-,merE,broad-spectrum mercury transporter MerE,plus,STRESS,METAL,MERCURY,MERCURY,BLASTP,78,78,100,94.87,78,AAA88371.1,broad-spectrum mercury transporter MerE,NF010310.2,broad-spectrum mercury transporter MerE
Sputum_P3,AAOLAB_02396,contig_2,139531,139896,-,merD,mercury resistance co-regulator MerD,plus,STRESS,METAL,MERCURY,MERCURY,BLASTP,121,121,100,95.04,121,AAA88370.1,mercury resistance co-regulator MerD,NF033783.1,mercury resistance co-regulator MerD
Sputum_P3,AAOLAB_02397,contig_2,139914,141599,-,merA,mercury(II) reductase,plus,STRESS,METAL,MERCURY,MERCURY,BLASTP,561,561,100,91.27,561,ACU65296.1,mercury(II) reductase,TIGR02053.1,mercury(II) reductase
Sputum_P3,AAOLAB_02398,contig_2,141671,141946,-,merP,mercury resistance system periplasmic binding protein MerP,plus,STRESS,METAL,MERCURY,MERCURY,EXACTP,91,91,100,100,91,AAA98223.1,mercury resistance system periplasmic binding protein MerP,TIGR02052.1,mercury resistance system periplasmic binding protein MerP
Sputum_P3,AAOLAB_02399,contig_2,141962,142312,-,merT,mercuric transport protein MerT,plus,STRESS,METAL,MERCURY,MERCURY,EXACTP,116,116,100,100,116,AAA98222.1,mercuric transport protein MerT,NA,NA
Sputum_P3,AAOLAB_02400,contig_2,142365,142817,+,merR,mercury resistance transcriptional regulator MerR,plus,STRESS,METAL,MERCURY,MERCURY,BLASTP,150,144,98.61,100,142,AAA98221.1,mercury resistance transcriptional regulator MerR,NF010315.0,mercury resistance transcriptional regulator MerR
Sputum_P3,NA,contig_2,166319,166795,-,sul1,sulfonamide-resistant dihydropteroate synthase Sul1,core,AMR,AMR,SULFONAMIDE,SULFONAMIDE,INTERNAL_STOP,159,275,57.82,98.11,159,WP_063855066.1,sulfonamide-resistant dihydropteroate synthase Sul1,NA,NA
Sputum_P3,NA,contig_2,166910,167203,-,qacE,quaternary ammonium compound efflux SMR transporter QacE,core,STRESS,BIOCIDE,QUATERNARY AMMONIUM,QUATERNARY AMMONIUM,PARTIALX,98,115,85.22,100,98,WP_000679427.1,quaternary ammonium compound efflux SMR transporter QacE delta 1,NA,NA
Sputum_P3,AAOLAB_02989,contig_2,626574,626849,+,merP,mercury resistance system periplasmic binding protein MerP,plus,STRESS,METAL,MERCURY,MERCURY,HMM,91,91,100,49.45,91,AAC38232.1,mercury resistance system periplasmic binding protein MerP,TIGR02052.1,mercury resistance system periplasmic binding protein MerP
Sputum_P3,AAOLAB_03007,contig_2,647398,650163,-,gyrA_T83I,Pseudomonas aeruginosa quinolone resistant GyrA,core,AMR,POINT,QUINOLONE,QUINOLONE,POINTP,921,923,100,99.67,923,WP_003091448.1,DNA gyrase subunit A GyrA,NA,NA
Sputum_P3,NA,contig_2,1112903,1113544,+,nalD_T11PfsTer31,Pseudomonas aeruginosa aztreonam/carbapenem/chloramphenicol/tetracycline/vaborbactam resistant NalD,core,AMR,POINT_DISRUPT,MULTIDRUG,AZTREONAM/CARBAPENEM/CHLORAMPHENICOL/TETRACYCLINE/VABORBACTAM,POINTX,214,212,100,100,211,WP_003092152.1,efflux system transcriptional repressor NalD,NA,NA
Sputum_P3,AAOLAB_03723,contig_2,1272886,1273527,+,nalC_G71E,Pseudomonas aeruginosa carbapenem resistant NalC,core,AMR,POINT,BETA-LACTAM,CARBAPENEM,POINTP,213,213,100,98.12,213,WP_003113837.1,efflux system transcriptional repressor NalC,NA,NA
Sputum_P3,AAOLAB_03723,contig_2,1272886,1273527,+,nalC_S209R,Pseudomonas aeruginosa carbapenem resistant NalC,core,AMR,POINT,BETA-LACTAM,CARBAPENEM,POINTP,213,213,100,98.12,213,WP_003113837.1,efflux system transcriptional repressor NalC,NA,NA
Sputum_P3,AAOLAB_03807,contig_2,1352696,1353130,-,merR,mercury resistance transcriptional regulator MerR,plus,STRESS,METAL,MERCURY,MERCURY,EXACTP,144,144,100,100,144,CAA77320.1,mercury resistance transcriptional regulator MerR,NF010315.0,mercury resistance transcriptional regulator MerR
Sputum_P3,AAOLAB_03808,contig_2,1353202,1353552,+,merT,mercuric transport protein MerT,plus,STRESS,METAL,MERCURY,MERCURY,BLASTP,116,116,100,93.1,116,CAA70196.1,mercuric transport protein MerT,NA,NA
Sputum_P3,AAOLAB_03809,contig_2,1353565,1353840,+,merP,mercury resistance system periplasmic binding protein MerP,plus,STRESS,METAL,MERCURY,MERCURY,EXACTP,91,91,100,100,91,AAC38219.1,mercury resistance system periplasmic binding protein MerP,TIGR02052.1,mercury resistance system periplasmic binding protein MerP
Sputum_P3,AAOLAB_03810,contig_2,1353912,1355597,+,merA,mercury(II) reductase,plus,STRESS,METAL,MERCURY,MERCURY,BLASTP,561,561,100,98.4,561,AAC38220.1,mercury(II) reductase,TIGR02053.1,mercury(II) reductase
Sputum_P3,AAOLAB_03811,contig_2,1355615,1355980,+,merD,mercury resistance co-regulator MerD,plus,STRESS,METAL,MERCURY,MERCURY,EXACTP,121,121,100,100,121,ABF13034.1,mercury resistance co-regulator MerD,NF033783.1,mercury resistance co-regulator MerD
Sputum_P3,AAOLAB_03812,contig_2,1355977,1356213,+,merE,broad-spectrum mercury transporter MerE,plus,STRESS,METAL,MERCURY,MERCURY,EXACTP,78,78,100,100,78,CAA77325.1,broad-spectrum mercury transporter MerE,NF010310.2,broad-spectrum mercury transporter MerE
Sputum_P3,AAOLAB_04234,contig_2,1730171,1731364,+,blaPDC-34,class C beta-lactamase PDC-34,core,AMR,AMR,BETA-LACTAM,CEPHALOSPORIN,ALLELEP,397,397,100,100,397,WP_003137570.1,class C beta-lactamase PDC-34,NF000422.6,PDC family class C beta-lactamase
Sputum_P3,AAOLAB_04245,contig_2,1743717,1744520,-,aph(3')-IIb,aminoglycoside O-phosphotransferase APH(3')-IIb,core,AMR,AMR,AMINOGLYCOSIDE,KANAMYCIN,BLASTP,267,268,100,99.25,268,WP_003113011.1,aminoglycoside O-phosphotransferase APH(3')-IIb,NF032898.2,APH(3')-II family aminoglycoside O-phosphotransferase
Sputum_P3,AAOLAB_04796,contig_2,2216363,2217394,-,mexA,multidrug efflux RND transporter periplasmic adaptor subunit MexA,plus,AMR,AMR,EFFLUX,EFFLUX,PARTIALP,343,383,89.56,99.71,343,AAA74436.1,multidrug efflux RND transporter periplasmic adaptor subunit MexA,NA,NA
Sputum_P3,AAOLAB_05452,contig_2,2822592,2823056,-,blaOXA,OXA-50 family oxacillin-hydrolyzing class D beta-lactamase,core,AMR,AMR,BETA-LACTAM,BETA-LACTAM,PARTIALP,154,262,53.05,99.28,139,WP_003097028.1,OXA-50 family oxacillin-hydrolyzing class D beta-lactamase OXA-488,NA,NA
Sputum_P3,NA,contig_3,180804,181592,-,pmrB_V15I,Pseudomonas aeruginosa colistin resistant PmrB,core,AMR,POINT,COLISTIN,COLISTIN,POINTX,263,477,55.14,98.48,263,WP_003112923.1,two-component system sensor histidine kinase PmrB,NA,NA
Sputum_P3,AAOLAB_07165,contig_3,743464,745203,+,ftsI_R504C,Pseudomonas aeruginosa carbapenem resistant FtsI,core,AMR,POINT,BETA-LACTAM,CARBAPENEM,POINTP,579,579,100,99.65,579,WP_003094139.1,penicillin-binding protein PBP3 FtsI,NA,NA
Sputum_P3,AAOLAB_07381,contig_3,960407,960940,-,catB7,type B-4 chloramphenicol O-acetyltransferase CatB7,core,AMR,AMR,PHENICOL,CHLORAMPHENICOL,INTERNAL_STOP,177,212,83.49,98.87,177,WP_003112709.1,type B-4 chloramphenicol O-acetyltransferase CatB7,NF000490.1,type B chloramphenicol O-acetyltransferase
Sputum_P3,NA,contig_3,1292397,1293448,-,oprD_K337NfsTer8,Pseudomonas aeruginosa carbapenem resistant OprD,core,AMR,POINT_DISRUPT,BETA-LACTAM,CARBAPENEM,POINTX,350,443,79.23,97.43,350,WP_003112576.1,outer membrane porin OprD,NA,NA
Sputum_P3,AAOLAB_08000,contig_3,1471370,1471636,+,fosA,FosA family fosfomycin resistance glutathione transferase,core,AMR,AMR,FOSFOMYCIN,FOSFOMYCIN,PARTIALP,88,135,62.96,100,85,WP_003082280.1,FosA family fosfomycin resistance glutathione transferase,NA,NA
Tracheal_discharge_P2,NA,contig_1,177638,178200,+,ampD_G116AfsTer22,Pseudomonas aeruginosa cephalosporin resistant AmpD,core,AMR,POINT_DISRUPT,BETA-LACTAM,CEPHALOSPORIN,POINTX,187,188,100,100,187,WP_003112844.1,"1,6-anhydro-N-acetylmuramyl-L-alanine amidase AmpD",NA,NA
Tracheal_discharge_P2,OCNNHN_00301,contig_1,288663,290474,+,ftsI_R504C,Pseudomonas aeruginosa carbapenem resistant FtsI,core,AMR,POINT,BETA-LACTAM,CARBAPENEM,POINTP,603,579,99.65,99.65,577,WP_003094139.1,penicillin-binding protein PBP3 FtsI,NA,NA
Tracheal_discharge_P2,OCNNHN_00516,contig_1,505607,506140,-,catB7,type B-4 chloramphenicol O-acetyltransferase CatB7,core,AMR,AMR,PHENICOL,CHLORAMPHENICOL,INTERNAL_STOP,177,212,83.49,98.87,177,WP_003112709.1,type B-4 chloramphenicol O-acetyltransferase CatB7,NF000490.1,type B chloramphenicol O-acetyltransferase
Tracheal_discharge_P2,OCNNHN_06532,contig_11,776994,778217,-,mexX,multidrug efflux RND transporter periplasmic adaptor subunit MexX,plus,AMR,AMR,EFFLUX,EFFLUX,BLASTP,407,396,97.22,98.96,385,AAF14522.1,multidrug efflux RND transporter periplasmic adaptor subunit MexX,NA,NA
Tracheal_discharge_P2,OCNNHN_07078,contig_12,266690,267835,-,mexE,multidrug efflux RND transporter periplasmic adaptor subunit MexE,plus,AMR,AMR,EFFLUX,EFFLUX,BLASTP,381,414,92.03,100,381,AAG05881.1,multidrug efflux RND transporter periplasmic adaptor subunit MexE,NA,NA
Tracheal_discharge_P2,OCNNHN_00637,contig_2,101960,102235,-,merP,mercury resistance system periplasmic binding protein MerP,plus,STRESS,METAL,MERCURY,MERCURY,HMM,91,91,100,49.45,91,AAC38232.1,mercury resistance system periplasmic binding protein MerP,TIGR02052.1,mercury resistance system periplasmic binding protein MerP
Tracheal_discharge_P2,NA,contig_21,69282,69779,+,aadA6,ANT(3'')-Ia family aminoglycoside nucleotidyltransferase AadA6,core,AMR,AMR,AMINOGLYCOSIDE,STREPTOMYCIN,PARTIALX,166,281,59.07,100,166,WP_022675713.1,ANT(3'')-Ia family aminoglycoside nucleotidyltransferase AadA6,NA,NA
Tracheal_discharge_P2,NA,contig_21,70218,70562,+,qacEdelta1,quaternary ammonium compound efflux SMR transporter QacE delta 1,core,STRESS,BIOCIDE,QUATERNARY AMMONIUM,QUATERNARY AMMONIUM,ALLELEX,115,115,100,100,115,WP_000679427.1,quaternary ammonium compound efflux SMR transporter QacE delta 1,NA,NA
Tracheal_discharge_P2,OCNNHN_07646,contig_21,70559,71098,+,sul1,sulfonamide-resistant dihydropteroate synthase Sul1,core,AMR,AMR,SULFONAMIDE,SULFONAMIDE,PARTIALP,179,275,59.64,100,164,WP_063855066.1,sulfonamide-resistant dihydropteroate synthase Sul1,NA,NA
Tracheal_discharge_P2,OCNNHN_07672,contig_21,94726,95043,-,merR,mercury resistance transcriptional regulator MerR,plus,STRESS,METAL,MERCURY,MERCURY,PARTIALP,105,144,67.36,100,97,AAA98221.1,mercury resistance transcriptional regulator MerR,NA,NA
Tracheal_discharge_P2,OCNNHN_07673,contig_21,95096,95446,+,merT,mercuric transport protein MerT,plus,STRESS,METAL,MERCURY,MERCURY,EXACTP,116,116,100,100,116,AAA98222.1,mercuric transport protein MerT,NA,NA
Tracheal_discharge_P2,OCNNHN_07674,contig_21,95462,95737,+,merP,mercury resistance system periplasmic binding protein MerP,plus,STRESS,METAL,MERCURY,MERCURY,EXACTP,91,91,100,100,91,AAA98223.1,mercury resistance system periplasmic binding protein MerP,TIGR02052.1,mercury resistance system periplasmic binding protein MerP
Tracheal_discharge_P2,OCNNHN_07677,contig_21,97511,97876,+,merD,mercury resistance co-regulator MerD,plus,STRESS,METAL,MERCURY,MERCURY,BLASTP,121,121,100,95.04,121,AAA88370.1,mercury resistance co-regulator MerD,NF033783.1,mercury resistance co-regulator MerD
Tracheal_discharge_P2,OCNNHN_07678,contig_21,97873,98109,+,merE,broad-spectrum mercury transporter MerE,plus,STRESS,METAL,MERCURY,MERCURY,BLASTP,78,78,100,93.59,78,AAA88371.1,broad-spectrum mercury transporter MerE,NF010310.2,broad-spectrum mercury transporter MerE
Tracheal_discharge_P2,OCNNHN_00943,contig_3,252396,252965,+,blaOXA,OXA-50 family oxacillin-hydrolyzing class D beta-lactamase,core,AMR,AMR,BETA-LACTAM,BETA-LACTAM,PARTIALP,189,262,66.41,100,174,WP_003097028.1,OXA-50 family oxacillin-hydrolyzing class D beta-lactamase OXA-488,NA,NA
Tracheal_discharge_P2,OCNNHN_01595,contig_3,861561,862712,+,mexA,multidrug efflux RND transporter periplasmic adaptor subunit MexA,plus,AMR,AMR,EFFLUX,EFFLUX,EXACTP,383,383,100,100,383,AAA74436.1,multidrug efflux RND transporter periplasmic adaptor subunit MexA,NF033834.1,multidrug efflux RND transporter periplasmic adaptor subunit MexA
Tracheal_discharge_P2,OCNNHN_02136,contig_3,1331817,1332383,+,aph(3')-IIb,aminoglycoside O-phosphotransferase APH(3')-IIb,core,AMR,AMR,AMINOGLYCOSIDE,KANAMYCIN,PARTIALP,188,268,70.15,99.47,188,WP_003113011.1,aminoglycoside O-phosphotransferase APH(3')-IIb,NF033068.1,APH(3') family aminoglycoside O-phosphotransferase
Tracheal_discharge_P2,OCNNHN_02148,contig_3,1344734,1345927,-,blaPDC-34,class C beta-lactamase PDC-34,core,AMR,AMR,BETA-LACTAM,CEPHALOSPORIN,ALLELEP,397,397,100,100,397,WP_003137570.1,class C beta-lactamase PDC-34,NF000422.6,PDC family class C beta-lactamase
Tracheal_discharge_P2,OCNNHN_02583,contig_3,1719854,1720090,-,merE,broad-spectrum mercury transporter MerE,plus,STRESS,METAL,MERCURY,MERCURY,EXACTP,78,78,100,100,78,CAA77325.1,broad-spectrum mercury transporter MerE,NF010310.2,broad-spectrum mercury transporter MerE
Tracheal_discharge_P2,OCNNHN_02584,contig_3,1720087,1720452,-,merD,mercury resistance co-regulator MerD,plus,STRESS,METAL,MERCURY,MERCURY,EXACTP,121,121,100,100,121,ABF13034.1,mercury resistance co-regulator MerD,NF033783.1,mercury resistance co-regulator MerD
Tracheal_discharge_P2,OCNNHN_02586,contig_3,1721205,1722152,-,merA,mercury(II) reductase,plus,STRESS,METAL,MERCURY,MERCURY,PARTIALP,315,561,52.58,97.63,295,AAC38220.1,mercury(II) reductase,NA,NA
Tracheal_discharge_P2,OCNNHN_02587,contig_3,1722224,1722499,-,merP,mercury resistance system periplasmic binding protein MerP,plus,STRESS,METAL,MERCURY,MERCURY,EXACTP,91,91,100,100,91,AAC38219.1,mercury resistance system periplasmic binding protein MerP,TIGR02052.1,mercury resistance system periplasmic binding protein MerP
Tracheal_discharge_P2,NA,contig_3,1722603,1722860,-,merT,mercuric transport protein MerT,plus,STRESS,METAL,MERCURY,MERCURY,PARTIALX,86,116,74.14,91.86,86,AAC38231.1,mercuric transport protein MerT,NA,NA
Tracheal_discharge_P2,OCNNHN_02588,contig_3,1722932,1723366,+,merR,mercury resistance transcriptional regulator MerR,plus,STRESS,METAL,MERCURY,MERCURY,EXACTP,144,144,100,100,144,CAA77320.1,mercury resistance transcriptional regulator MerR,NF010315.0,mercury resistance transcriptional regulator MerR
Tracheal_discharge_P2,OCNNHN_02679,contig_3,1802518,1803159,-,nalC_G71E,Pseudomonas aeruginosa carbapenem resistant NalC,core,AMR,POINT,BETA-LACTAM,CARBAPENEM,POINTP,213,213,100,98.59,213,WP_003113837.1,efflux system transcriptional repressor NalC,NA,NA
Tracheal_discharge_P2,OCNNHN_02679,contig_3,1802518,1803159,-,nalC_S209R,Pseudomonas aeruginosa carbapenem resistant NalC,core,AMR,POINT,BETA-LACTAM,CARBAPENEM,POINTP,213,213,100,98.59,213,WP_003113837.1,efflux system transcriptional repressor NalC,NA,NA
Tracheal_discharge_P2,NA,contig_3,1962765,1963407,-,nalD_R160DfsTer88,Pseudomonas aeruginosa aztreonam/carbapenem/chloramphenicol/tetracycline/vaborbactam resistant NalD,core,AMR,POINT_DISRUPT,MULTIDRUG,AZTREONAM/CARBAPENEM/CHLORAMPHENICOL/TETRACYCLINE/VABORBACTAM,POINTX,214,212,100,100,212,WP_003092152.1,efflux system transcriptional repressor NalD,NA,NA
Tracheal_discharge_P2,OCNNHN_03348,contig_3,2426201,2428966,+,gyrA_T83I,Pseudomonas aeruginosa quinolone resistant GyrA,core,AMR,POINT,QUINOLONE,QUINOLONE,POINTP,921,923,100,99.57,923,WP_003091448.1,DNA gyrase subunit A GyrA,NA,NA
Tracheal_discharge_P2,NA,contig_8,279552,280610,-,oprD_N52QPTer,Pseudomonas aeruginosa carbapenem resistant OprD,core,AMR,POINT_DISRUPT,BETA-LACTAM,CARBAPENEM,POINTX,353,443,79.23,93.5,354,WP_003112576.1,outer membrane porin OprD,NA,NA
Tracheal_discharge_P2,OCNNHN_04594,contig_8,458452,458859,+,fosA,FosA family fosfomycin resistance glutathione transferase,core,AMR,AMR,FOSFOMYCIN,FOSFOMYCIN,EXACTP,135,135,100,100,135,WP_003082280.1,FosA family fosfomycin resistance glutathione transferase,NF000094.1,FosA family fosfomycin resistance glutathione transferase
Tracheal_discharge_P9,EEILMD_00764,contig_1,769396,770184,+,blaOXA-488,OXA-50 family oxacillin-hydrolyzing class D beta-lactamase OXA-488,core,AMR,AMR,BETA-LACTAM,BETA-LACTAM,ALLELEP,262,262,100,100,262,WP_003097028.1,OXA-50 family oxacillin-hydrolyzing class D beta-lactamase OXA-488,NF000432.2,OXA-50 family oxacillin-hydrolyzing class D beta-lactamase
Tracheal_discharge_P9,NA,contig_1,1374491,1374930,-,mexR_G77EfsTer79,Pseudomonas aeruginosa aztreonam-avibactam/carbapenem/cephalosporin/chloramphenicol/vaborbactam resistant MexR,core,AMR,POINT_DISRUPT,MULTIDRUG,AZTREONAM-AVIBACTAM/CARBAPENEM/CEPHALOSPORIN/CHLORAMPHENICOL/VABORBACTAM,POINTX,146,147,100,99.32,146,WP_003114897.1,effux pump transcriptional repressor MexR,NA,NA
Tracheal_discharge_P9,EEILMD_01368,contig_1,1375206,1376357,+,mexA,multidrug efflux RND transporter periplasmic adaptor subunit MexA,plus,AMR,AMR,EFFLUX,EFFLUX,EXACTP,383,383,100,100,383,AAA74436.1,multidrug efflux RND transporter periplasmic adaptor subunit MexA,NF033834.1,multidrug efflux RND transporter periplasmic adaptor subunit MexA
Tracheal_discharge_P9,EEILMD_01870,contig_1,1848354,1849157,+,aph(3')-IIb,aminoglycoside O-phosphotransferase APH(3')-IIb,core,AMR,AMR,AMINOGLYCOSIDE,KANAMYCIN,BLASTP,267,268,100,99.25,268,WP_003113011.1,aminoglycoside O-phosphotransferase APH(3')-IIb,NF032898.2,APH(3')-II family aminoglycoside O-phosphotransferase
Tracheal_discharge_P9,EEILMD_01882,contig_1,1861509,1862465,-,blaPDC,PDC family class C beta-lactamase,core,AMR,AMR,BETA-LACTAM,CEPHALOSPORIN,PARTIALP,318,397,80.1,99.69,318,WP_003137570.1,class C beta-lactamase PDC-34,NF033085.1,class C beta-lactamase
Tracheal_discharge_P9,EEILMD_02290,contig_1,2236771,2237007,-,merE,broad-spectrum mercury transporter MerE,plus,STRESS,METAL,MERCURY,MERCURY,EXACTP,78,78,100,100,78,CAA77325.1,broad-spectrum mercury transporter MerE,NF010310.2,broad-spectrum mercury transporter MerE
Tracheal_discharge_P9,EEILMD_02291,contig_1,2237004,2237369,-,merD,mercury resistance co-regulator MerD,plus,STRESS,METAL,MERCURY,MERCURY,EXACTP,121,121,100,100,121,ABF13034.1,mercury resistance co-regulator MerD,NF033783.1,mercury resistance co-regulator MerD
Tracheal_discharge_P9,EEILMD_02292,contig_1,2237387,2238742,-,merA,mercury(II) reductase,plus,STRESS,METAL,MERCURY,MERCURY,PARTIALP,451,561,80.39,98.67,451,AAC38220.1,mercury(II) reductase,TIGR02053.1,mercury(II) reductase
Tracheal_discharge_P9,EEILMD_02294,contig_1,2239143,2239418,-,merP,mercury resistance system periplasmic binding protein MerP,plus,STRESS,METAL,MERCURY,MERCURY,EXACTP,91,91,100,100,91,AAC38219.1,mercury resistance system periplasmic binding protein MerP,TIGR02052.1,mercury resistance system periplasmic binding protein MerP
Tracheal_discharge_P9,EEILMD_02295,contig_1,2239431,2239781,-,merT,mercuric transport protein MerT,plus,STRESS,METAL,MERCURY,MERCURY,BLASTP,116,116,100,93.1,116,CAA70196.1,mercuric transport protein MerT,NA,NA
Tracheal_discharge_P9,EEILMD_02296,contig_1,2239853,2240287,+,merR,mercury resistance transcriptional regulator MerR,plus,STRESS,METAL,MERCURY,MERCURY,EXACTP,144,144,100,100,144,CAA77320.1,mercury resistance transcriptional regulator MerR,NF010315.0,mercury resistance transcriptional regulator MerR
Tracheal_discharge_P9,NA,contig_1,2319688,2320134,-,nalC_G71E,Pseudomonas aeruginosa carbapenem resistant NalC,core,AMR,POINT,BETA-LACTAM,CARBAPENEM,POINTX,149,213,69.95,98.66,149,WP_003113837.1,efflux system transcriptional repressor NalC,NA,NA
Tracheal_discharge_P9,NA,contig_1,2479573,2480215,-,nalD_R160DfsTer88,Pseudomonas aeruginosa aztreonam/carbapenem/chloramphenicol/tetracycline/vaborbactam resistant NalD,core,AMR,POINT_DISRUPT,MULTIDRUG,AZTREONAM/CARBAPENEM/CHLORAMPHENICOL/TETRACYCLINE/VABORBACTAM,POINTX,214,212,100,100,212,WP_003092152.1,efflux system transcriptional repressor NalD,NA,NA
Tracheal_discharge_P9,EEILMD_03007,contig_1,2943150,2945915,+,gyrA_T83I,Pseudomonas aeruginosa quinolone resistant GyrA,core,AMR,POINT,QUINOLONE,QUINOLONE,POINTP,921,923,100,99.67,923,WP_003091448.1,DNA gyrase subunit A GyrA,NA,NA
Tracheal_discharge_P9,EEILMD_03026,contig_1,2966459,2966734,-,merP,mercury resistance system periplasmic binding protein MerP,plus,STRESS,METAL,MERCURY,MERCURY,HMM,91,91,100,49.45,91,AAC38232.1,mercury resistance system periplasmic binding protein MerP,TIGR02052.1,mercury resistance system periplasmic binding protein MerP
Tracheal_discharge_P9,NA,contig_1,3425029,3425862,+,aadA6,ANT(3'')-Ia family aminoglycoside nucleotidyltransferase AadA6,core,AMR,AMR,AMINOGLYCOSIDE,STREPTOMYCIN,BLASTX,278,281,98.93,99.64,278,WP_022675713.1,ANT(3'')-Ia family aminoglycoside nucleotidyltransferase AadA6,NA,NA
Tracheal_discharge_P9,EEILMD_03520,contig_1,3425029,3426192,+,aadA6,ANT(3'')-Ia family aminoglycoside nucleotidyltransferase AadA6,core,AMR,AMR,AMINOGLYCOSIDE,STREPTOMYCIN,BLASTP,387,281,98.93,99.64,278,WP_022675713.1,ANT(3'')-Ia family aminoglycoside nucleotidyltransferase AadA6,NF012157.0,ANT(3'')-I family aminoglycoside nucleotidyltransferase
Tracheal_discharge_P9,NA,contig_1,3426309,3426653,+,qacEdelta1,quaternary ammonium compound efflux SMR transporter QacE delta 1,core,STRESS,BIOCIDE,QUATERNARY AMMONIUM,QUATERNARY AMMONIUM,ALLELEX,115,115,100,100,115,WP_000679427.1,quaternary ammonium compound efflux SMR transporter QacE delta 1,NA,NA
Tracheal_discharge_P9,EEILMD_03521,contig_1,3426650,3427489,+,sul1,sulfonamide-resistant dihydropteroate synthase Sul1,core,AMR,AMR,SULFONAMIDE,SULFONAMIDE,EXACTP,279,279,100,100,279,WP_000259031.1,sulfonamide-resistant dihydropteroate synthase Sul1,NF000294.1,sulfonamide-resistant dihydropteroate synthase Sul1
Tracheal_discharge_P9,EEILMD_03541,contig_1,3450721,3451155,-,merR,mercury resistance transcriptional regulator MerR,plus,STRESS,METAL,MERCURY,MERCURY,EXACTP,144,144,100,100,144,AAA98221.1,mercury resistance transcriptional regulator MerR,NF010315.0,mercury resistance transcriptional regulator MerR
Tracheal_discharge_P9,NA,contig_1,3451238,3451573,+,merT,mercuric transport protein MerT,plus,STRESS,METAL,MERCURY,MERCURY,BLASTX,112,116,96.55,100,112,AAA98222.1,mercuric transport protein MerT,NA,NA
Tracheal_discharge_P9,EEILMD_03542,contig_1,3451592,3451867,+,merP,mercury resistance system periplasmic binding protein MerP,plus,STRESS,METAL,MERCURY,MERCURY,EXACTP,91,91,100,100,91,AAA98223.1,mercury resistance system periplasmic binding protein MerP,TIGR02052.1,mercury resistance system periplasmic binding protein MerP
Tracheal_discharge_P9,EEILMD_03543,contig_1,3451939,3453624,+,merA,mercury(II) reductase,plus,STRESS,METAL,MERCURY,MERCURY,BLASTP,561,561,100,91.27,561,ACU65296.1,mercury(II) reductase,TIGR02053.1,mercury(II) reductase
Tracheal_discharge_P9,EEILMD_03544,contig_1,3453642,3454007,+,merD,mercury resistance co-regulator MerD,plus,STRESS,METAL,MERCURY,MERCURY,BLASTP,121,121,100,95.04,121,AAA88370.1,mercury resistance co-regulator MerD,NF033783.1,mercury resistance co-regulator MerD
Tracheal_discharge_P9,EEILMD_03545,contig_1,3454004,3454240,+,merE,broad-spectrum mercury transporter MerE,plus,STRESS,METAL,MERCURY,MERCURY,BLASTP,78,78,100,94.87,78,AAA88371.1,broad-spectrum mercury transporter MerE,NF010310.2,broad-spectrum mercury transporter MerE
Tracheal_discharge_P9,EEILMD_03815,contig_2,117467,117742,-,merP,mercury resistance system periplasmic binding protein MerP,plus,STRESS,METAL,MERCURY,MERCURY,HMM,91,91,100,49.45,91,AAC38232.1,mercury resistance system periplasmic binding protein MerP,TIGR02052.1,mercury resistance system periplasmic binding protein MerP
Tracheal_discharge_P9,EEILMD_04183,contig_2,529741,530985,+,mexE,multidrug efflux RND transporter periplasmic adaptor subunit MexE,plus,AMR,AMR,EFFLUX,EFFLUX,EXACTP,414,414,100,100,414,AAG05881.1,multidrug efflux RND transporter periplasmic adaptor subunit MexE,NF045904.1,multidrug efflux RND transporter periplasmic adaptor subunit MexE
Tracheal_discharge_P9,EEILMD_04660,contig_3,180214,181647,-,pmrB_V15I,Pseudomonas aeruginosa colistin resistant PmrB,core,AMR,POINT,COLISTIN,COLISTIN,POINTP,477,477,100,98.95,477,WP_003112923.1,two-component system sensor histidine kinase PmrB,NA,NA
Tracheal_discharge_P9,EEILMD_05214,contig_3,714074,715813,+,ftsI_R504C,Pseudomonas aeruginosa carbapenem resistant FtsI,core,AMR,POINT,BETA-LACTAM,CARBAPENEM,POINTP,579,579,100,99.83,579,WP_003094139.1,penicillin-binding protein PBP3 FtsI,NA,NA
Tracheal_discharge_P9,EEILMD_05419,contig_3,931070,931603,-,catB7,type B-4 chloramphenicol O-acetyltransferase CatB7,core,AMR,AMR,PHENICOL,CHLORAMPHENICOL,INTERNAL_STOP,177,212,83.49,98.87,177,WP_003112709.1,type B-4 chloramphenicol O-acetyltransferase CatB7,NF000490.1,type B chloramphenicol O-acetyltransferase
Tracheal_discharge_P9,EEILMD_05973,contig_3,1442170,1442577,+,fosA,FosA family fosfomycin resistance glutathione transferase,core,AMR,AMR,FOSFOMYCIN,FOSFOMYCIN,EXACTP,135,135,100,100,135,WP_003082280.1,FosA family fosfomycin resistance glutathione transferase,NF000094.1,FosA family fosfomycin resistance glutathione transferase
Tracheal_discharge_P9,NA,contig_4,215019,215649,-,mexZ_M34TfsTer41,Pseudomonas aeruginosa aminoglycoside/cefepime/fluoroquinolone resistant MexZ,core,AMR,POINT_DISRUPT,AMINOGLYCOSIDE/BETA-LACTAM/QUINOLONE,AMINOGLYCOSIDE/CEFEPIME/FLUOROQUINOLONE,POINTX,210,210,100,98.1,210,WP_003088626.1,efflux pump transcriptional repressor MexZ,NA,NA
Tracheal_discharge_P9,EEILMD_06336,contig_4,215825,216718,+,mexX,multidrug efflux RND transporter periplasmic adaptor subunit MexX,plus,AMR,AMR,EFFLUX,EFFLUX,PARTIALP,297,396,63.89,99.21,253,AAF14522.1,multidrug efflux RND transporter periplasmic adaptor subunit MexX,NA,NA
Urine_2_P12,GDKFOP_00340,contig_2,262298,263542,-,mexE,multidrug efflux RND transporter periplasmic adaptor subunit MexE,plus,AMR,AMR,EFFLUX,EFFLUX,EXACTP,414,414,100,100,414,AAG05881.1,multidrug efflux RND transporter periplasmic adaptor subunit MexE,NF045904.1,multidrug efflux RND transporter periplasmic adaptor subunit MexE
Urine_2_P12,GDKFOP_00733,contig_2,675504,675779,+,merP,mercury resistance system periplasmic binding protein MerP,plus,STRESS,METAL,MERCURY,MERCURY,HMM,91,91,100,49.45,91,AAC38232.1,mercury resistance system periplasmic binding protein MerP,TIGR02052.1,mercury resistance system periplasmic binding protein MerP
Urine_2_P12,NA,contig_2,1007574,1008183,-,mexZ_R78EfsTer120,Pseudomonas aeruginosa aminoglycoside/cefepime/fluoroquinolone resistant MexZ,core,AMR,POINT_DISRUPT,AMINOGLYCOSIDE/BETA-LACTAM/QUINOLONE,AMINOGLYCOSIDE/CEFEPIME/FLUOROQUINOLONE,POINTX,203,210,96.67,99.01,203,WP_003088626.1,efflux pump transcriptional repressor MexZ,NA,NA
Urine_2_P12,NA,contig_2,1008698,1009522,+,mexX,multidrug efflux RND transporter periplasmic adaptor subunit MexX,plus,AMR,AMR,EFFLUX,EFFLUX,PARTIALX,275,396,69.44,98.91,275,AAF14522.1,multidrug efflux RND transporter periplasmic adaptor subunit MexX,NA,NA
Urine_2_P12,NA,contig_3,135784,136017,-,merE,broad-spectrum mercury transporter MerE,plus,STRESS,METAL,MERCURY,MERCURY,INTERNAL_STOP,78,78,100,93.59,78,AAA88371.1,broad-spectrum mercury transporter MerE,NA,NA
Urine_2_P12,GDKFOP_01313,contig_3,136014,136379,-,merD,mercury resistance co-regulator MerD,plus,STRESS,METAL,MERCURY,MERCURY,BLASTP,121,121,100,95.04,121,AAA88370.1,mercury resistance co-regulator MerD,NF033783.1,mercury resistance co-regulator MerD
Urine_2_P12,GDKFOP_01314,contig_3,136397,137644,-,merA,mercury(II) reductase,plus,STRESS,METAL,MERCURY,MERCURY,PARTIALP,415,561,73.98,93.01,415,ACU65296.1,mercury(II) reductase,TIGR02053.1,mercury(II) reductase
Urine_2_P12,GDKFOP_01316,contig_3,138153,138428,-,merP,mercury resistance system periplasmic binding protein MerP,plus,STRESS,METAL,MERCURY,MERCURY,EXACTP,91,91,100,100,91,AAA98223.1,mercury resistance system periplasmic binding protein MerP,TIGR02052.1,mercury resistance system periplasmic binding protein MerP
Urine_2_P12,NA,contig_3,138529,138792,-,merT,mercuric transport protein MerT,plus,STRESS,METAL,MERCURY,MERCURY,PARTIALX,88,116,75.86,95.45,88,AAA98222.1,mercuric transport protein MerT,NA,NA
Urine_2_P12,GDKFOP_01317,contig_3,138845,139297,+,merR,mercury resistance transcriptional regulator MerR,plus,STRESS,METAL,MERCURY,MERCURY,BLASTP,150,144,98.61,99.3,142,AAA98221.1,mercury resistance transcriptional regulator MerR,NF010315.0,mercury resistance transcriptional regulator MerR
Urine_2_P12,GDKFOP_01343,contig_3,162523,163362,-,sul1,sulfonamide-resistant dihydropteroate synthase Sul1,core,AMR,AMR,SULFONAMIDE,SULFONAMIDE,EXACTP,279,279,100,100,279,WP_000259031.1,sulfonamide-resistant dihydropteroate synthase Sul1,NF000294.1,sulfonamide-resistant dihydropteroate synthase Sul1
Urine_2_P12,NA,contig_3,163359,163703,-,qacEdelta1,quaternary ammonium compound efflux SMR transporter QacE delta 1,core,STRESS,BIOCIDE,QUATERNARY AMMONIUM,QUATERNARY AMMONIUM,ALLELEX,115,115,100,100,115,WP_000679427.1,quaternary ammonium compound efflux SMR transporter QacE delta 1,NA,NA
Urine_2_P12,NA,contig_3,164143,164985,-,aadA6,ANT(3'')-Ia family aminoglycoside nucleotidyltransferase AadA6,core,AMR,AMR,AMINOGLYCOSIDE,STREPTOMYCIN,EXACTX,281,281,100,100,281,WP_022675713.1,ANT(3'')-Ia family aminoglycoside nucleotidyltransferase AadA6,NA,NA
Urine_2_P12,NA,contig_3,1109601,1110227,+,nalD_G27AfsTer15,Pseudomonas aeruginosa aztreonam/carbapenem/chloramphenicol/tetracycline/vaborbactam resistant NalD,core,AMR,POINT_DISRUPT,MULTIDRUG,AZTREONAM/CARBAPENEM/CHLORAMPHENICOL/TETRACYCLINE/VABORBACTAM,POINTX,209,212,97.17,97.58,207,WP_003092152.1,efflux system transcriptional repressor NalD,NA,NA
Urine_2_P12,GDKFOP_02604,contig_3,1269589,1270230,+,nalC_G71E,Pseudomonas aeruginosa carbapenem resistant NalC,core,AMR,POINT,BETA-LACTAM,CARBAPENEM,POINTP,213,213,100,98.59,213,WP_003113837.1,efflux system transcriptional repressor NalC,NA,NA
Urine_2_P12,GDKFOP_02604,contig_3,1269589,1270230,+,nalC_S209R,Pseudomonas aeruginosa carbapenem resistant NalC,core,AMR,POINT,BETA-LACTAM,CARBAPENEM,POINTP,213,213,100,98.59,213,WP_003113837.1,efflux system transcriptional repressor NalC,NA,NA
Urine_2_P12,GDKFOP_02681,contig_3,1349427,1349861,-,merR,mercury resistance transcriptional regulator MerR,plus,STRESS,METAL,MERCURY,MERCURY,EXACTP,144,144,100,100,144,CAA77320.1,mercury resistance transcriptional regulator MerR,NF010315.0,mercury resistance transcriptional regulator MerR
Urine_2_P12,GDKFOP_02682,contig_3,1349934,1350299,+,merT,mercuric transport protein MerT,plus,STRESS,METAL,MERCURY,MERCURY,PARTIALP,121,116,74.14,90.7,86,AAC38231.1,mercuric transport protein MerT,NA,NA
Urine_2_P12,GDKFOP_02683,contig_3,1350296,1350571,+,merP,mercury resistance system periplasmic binding protein MerP,plus,STRESS,METAL,MERCURY,MERCURY,EXACTP,91,91,100,100,91,AAC38219.1,mercury resistance system periplasmic binding protein MerP,TIGR02052.1,mercury resistance system periplasmic binding protein MerP
Urine_2_P12,GDKFOP_02687,contig_3,1352345,1352710,+,merD,mercury resistance co-regulator MerD,plus,STRESS,METAL,MERCURY,MERCURY,BLASTP,121,121,100,99.17,121,ABF13034.1,mercury resistance co-regulator MerD,NF033783.1,mercury resistance co-regulator MerD
Urine_2_P12,GDKFOP_02688,contig_3,1352707,1352943,+,merE,broad-spectrum mercury transporter MerE,plus,STRESS,METAL,MERCURY,MERCURY,HMM,78,78,100,85.9,78,CAA77325.1,broad-spectrum mercury transporter MerE,NF010310.2,broad-spectrum mercury transporter MerE
Urine_2_P12,GDKFOP_03109,contig_3,1726926,1728119,+,blaPDC-34,class C beta-lactamase PDC-34,core,AMR,AMR,BETA-LACTAM,CEPHALOSPORIN,ALLELEP,397,397,100,100,397,WP_003137570.1,class C beta-lactamase PDC-34,NF000422.6,PDC family class C beta-lactamase
Urine_2_P12,GDKFOP_03119,contig_3,1740474,1741277,-,aph(3')-IIb,aminoglycoside O-phosphotransferase APH(3')-IIb,core,AMR,AMR,AMINOGLYCOSIDE,KANAMYCIN,BLASTP,267,268,100,99.25,268,WP_003113011.1,aminoglycoside O-phosphotransferase APH(3')-IIb,NF032898.2,APH(3')-II family aminoglycoside O-phosphotransferase
Urine_2_P12,GDKFOP_03650,contig_3,2213125,2214276,-,mexA,multidrug efflux RND transporter periplasmic adaptor subunit MexA,plus,AMR,AMR,EFFLUX,EFFLUX,EXACTP,383,383,100,100,383,AAA74436.1,multidrug efflux RND transporter periplasmic adaptor subunit MexA,NF033834.1,multidrug efflux RND transporter periplasmic adaptor subunit MexA
Urine_2_P12,GDKFOP_04296,contig_3,2819174,2819962,-,blaOXA-488,OXA-50 family oxacillin-hydrolyzing class D beta-lactamase OXA-488,core,AMR,AMR,BETA-LACTAM,BETA-LACTAM,ALLELEP,262,262,100,100,262,WP_003097028.1,OXA-50 family oxacillin-hydrolyzing class D beta-lactamase OXA-488,NF000432.2,OXA-50 family oxacillin-hydrolyzing class D beta-lactamase
Urine_2_P12,GDKFOP_06893,contig_5,706775,708514,+,ftsI_R504C,Pseudomonas aeruginosa carbapenem resistant FtsI,core,AMR,POINT,BETA-LACTAM,CARBAPENEM,POINTP,579,579,100,99.83,579,WP_003094139.1,penicillin-binding protein PBP3 FtsI,NA,NA
Urine_2_P12,GDKFOP_07132,contig_5,923652,924185,-,catB7,type B-4 chloramphenicol O-acetyltransferase CatB7,core,AMR,AMR,PHENICOL,CHLORAMPHENICOL,INTERNAL_STOP,177,212,83.49,98.87,177,WP_003112709.1,type B-4 chloramphenicol O-acetyltransferase CatB7,NF000490.1,type B chloramphenicol O-acetyltransferase
Urine_2_P12,GDKFOP_07735,contig_5,1434607,1435014,+,fosA,FosA family fosfomycin resistance glutathione transferase,core,AMR,AMR,FOSFOMYCIN,FOSFOMYCIN,EXACTP,135,135,100,100,135,WP_003082280.1,FosA family fosfomycin resistance glutathione transferase,NF000094.1,FosA family fosfomycin resistance glutathione transferase
Wound_2_P12,OEKONL_00665,contig_3,412578,412853,+,merP,mercury resistance system periplasmic binding protein MerP,plus,STRESS,METAL,MERCURY,MERCURY,HMM,91,91,100,49.45,91,AAC38232.1,mercury resistance system periplasmic binding protein MerP,TIGR02052.1,mercury resistance system periplasmic binding protein MerP
Wound_2_P12,OEKONL_01684,contig_4,759699,760487,+,blaOXA-488,OXA-50 family oxacillin-hydrolyzing class D beta-lactamase OXA-488,core,AMR,AMR,BETA-LACTAM,BETA-LACTAM,ALLELEP,262,262,100,100,262,WP_003097028.1,OXA-50 family oxacillin-hydrolyzing class D beta-lactamase OXA-488,NF000432.2,OXA-50 family oxacillin-hydrolyzing class D beta-lactamase
Wound_2_P12,OEKONL_02306,contig_4,1365485,1366636,+,mexA,multidrug efflux RND transporter periplasmic adaptor subunit MexA,plus,AMR,AMR,EFFLUX,EFFLUX,EXACTP,383,383,100,100,383,AAA74436.1,multidrug efflux RND transporter periplasmic adaptor subunit MexA,NF033834.1,multidrug efflux RND transporter periplasmic adaptor subunit MexA
Wound_2_P12,OEKONL_02816,contig_4,1838834,1839400,+,aph(3')-IIb,aminoglycoside O-phosphotransferase APH(3')-IIb,core,AMR,AMR,AMINOGLYCOSIDE,KANAMYCIN,PARTIALP,188,268,70.15,99.47,188,WP_003113011.1,aminoglycoside O-phosphotransferase APH(3')-IIb,NF033068.1,APH(3') family aminoglycoside O-phosphotransferase
Wound_2_P12,OEKONL_02830,contig_4,1852023,1852943,-,blaPDC,PDC family class C beta-lactamase,core,AMR,AMR,BETA-LACTAM,CEPHALOSPORIN,PARTIALP,306,397,77.08,100,306,WP_003137570.1,class C beta-lactamase PDC-34,NF033085.1,class C beta-lactamase
Wound_2_P12,OEKONL_03227,contig_4,2226973,2227209,-,merE,broad-spectrum mercury transporter MerE,plus,STRESS,METAL,MERCURY,MERCURY,EXACTP,78,78,100,100,78,CAA77325.1,broad-spectrum mercury transporter MerE,NF010310.2,broad-spectrum mercury transporter MerE
Wound_2_P12,OEKONL_03228,contig_4,2227206,2227571,-,merD,mercury resistance co-regulator MerD,plus,STRESS,METAL,MERCURY,MERCURY,EXACTP,121,121,100,100,121,ABF13034.1,mercury resistance co-regulator MerD,NF033783.1,mercury resistance co-regulator MerD
Wound_2_P12,OEKONL_03229,contig_4,2227589,2229274,-,merA,mercury(II) reductase,plus,STRESS,METAL,MERCURY,MERCURY,BLASTP,561,561,100,98.22,561,AAC38220.1,mercury(II) reductase,TIGR02053.1,mercury(II) reductase
Wound_2_P12,OEKONL_03230,contig_4,2229346,2229621,-,merP,mercury resistance system periplasmic binding protein MerP,plus,STRESS,METAL,MERCURY,MERCURY,EXACTP,91,91,100,100,91,AAC38219.1,mercury resistance system periplasmic binding protein MerP,TIGR02052.1,mercury resistance system periplasmic binding protein MerP
Wound_2_P12,OEKONL_03231,contig_4,2229634,2229984,-,merT,mercuric transport protein MerT,plus,STRESS,METAL,MERCURY,MERCURY,BLASTP,116,116,100,93.1,116,CAA70196.1,mercuric transport protein MerT,NA,NA
Wound_2_P12,OEKONL_03232,contig_4,2230056,2230490,+,merR,mercury resistance transcriptional regulator MerR,plus,STRESS,METAL,MERCURY,MERCURY,EXACTP,144,144,100,100,144,CAA77320.1,mercury resistance transcriptional regulator MerR,NF010315.0,mercury resistance transcriptional regulator MerR
Wound_2_P12,OEKONL_03310,contig_4,2309644,2310285,-,nalC_G71E,Pseudomonas aeruginosa carbapenem resistant NalC,core,AMR,POINT,BETA-LACTAM,CARBAPENEM,POINTP,213,213,100,98.59,213,WP_003113837.1,efflux system transcriptional repressor NalC,NA,NA
Wound_2_P12,OEKONL_03310,contig_4,2309644,2310285,-,nalC_S209R,Pseudomonas aeruginosa carbapenem resistant NalC,core,AMR,POINT,BETA-LACTAM,CARBAPENEM,POINTP,213,213,100,98.59,213,WP_003113837.1,efflux system transcriptional repressor NalC,NA,NA
Wound_2_P12,NA,contig_4,2469720,2470362,-,nalD_R160DfsTer88,Pseudomonas aeruginosa aztreonam/carbapenem/chloramphenicol/tetracycline/vaborbactam resistant NalD,core,AMR,POINT_DISRUPT,MULTIDRUG,AZTREONAM/CARBAPENEM/CHLORAMPHENICOL/TETRACYCLINE/VABORBACTAM,POINTX,214,212,100,100,212,WP_003092152.1,efflux system transcriptional repressor NalD,NA,NA
Wound_2_P12,OEKONL_03982,contig_4,2956585,2956860,-,merP,mercury resistance system periplasmic binding protein MerP,plus,STRESS,METAL,MERCURY,MERCURY,HMM,91,91,100,49.45,91,AAC38232.1,mercury resistance system periplasmic binding protein MerP,TIGR02052.1,mercury resistance system periplasmic binding protein MerP
Wound_2_P12,NA,contig_4,3415163,3416005,+,aadA6,ANT(3'')-Ia family aminoglycoside nucleotidyltransferase AadA6,core,AMR,AMR,AMINOGLYCOSIDE,STREPTOMYCIN,EXACTX,281,281,100,100,281,WP_022675713.1,ANT(3'')-Ia family aminoglycoside nucleotidyltransferase AadA6,NA,NA
Wound_2_P12,NA,contig_4,3416445,3416789,+,qacEdelta1,quaternary ammonium compound efflux SMR transporter QacE delta 1,core,STRESS,BIOCIDE,QUATERNARY AMMONIUM,QUATERNARY AMMONIUM,ALLELEX,115,115,100,100,115,WP_000679427.1,quaternary ammonium compound efflux SMR transporter QacE delta 1,NA,NA
Wound_2_P12,OEKONL_04501,contig_4,3416786,3417625,+,sul1,sulfonamide-resistant dihydropteroate synthase Sul1,core,AMR,AMR,SULFONAMIDE,SULFONAMIDE,EXACTP,279,279,100,100,279,WP_000259031.1,sulfonamide-resistant dihydropteroate synthase Sul1,NF000294.1,sulfonamide-resistant dihydropteroate synthase Sul1
Wound_2_P12,OEKONL_04523,contig_4,3440849,3441283,-,merR,mercury resistance transcriptional regulator MerR,plus,STRESS,METAL,MERCURY,MERCURY,EXACTP,144,144,100,100,144,AAA98221.1,mercury resistance transcriptional regulator MerR,NF010315.0,mercury resistance transcriptional regulator MerR
Wound_2_P12,OEKONL_04524,contig_4,3441354,3441704,+,merT,mercuric transport protein MerT,plus,STRESS,METAL,MERCURY,MERCURY,EXACTP,116,116,100,100,116,AAA98222.1,mercuric transport protein MerT,NA,NA
Wound_2_P12,OEKONL_04525,contig_4,3441720,3441995,+,merP,mercury resistance system periplasmic binding protein MerP,plus,STRESS,METAL,MERCURY,MERCURY,EXACTP,91,91,100,100,91,AAA98223.1,mercury resistance system periplasmic binding protein MerP,TIGR02052.1,mercury resistance system periplasmic binding protein MerP
Wound_2_P12,NA,contig_4,3443769,3444122,+,merD,mercury resistance co-regulator MerD,plus,STRESS,METAL,MERCURY,MERCURY,BLASTX,118,121,97.52,94.92,118,AAA88370.1,mercury resistance co-regulator MerD,NA,NA
Wound_2_P12,OEKONL_04528,contig_4,3443769,3444365,+,merD,mercury resistance co-regulator MerD,plus,STRESS,METAL,MERCURY,MERCURY,BLASTP,198,121,97.52,94.92,118,AAA88370.1,mercury resistance co-regulator MerD,NF033783.1,mercury resistance co-regulator MerD
Wound_2_P12,OEKONL_05705,contig_5,926687,927592,-,mexX,multidrug efflux RND transporter periplasmic adaptor subunit MexX,plus,AMR,AMR,EFFLUX,EFFLUX,PARTIALP,301,396,66.67,99.62,264,AAF14522.1,multidrug efflux RND transporter periplasmic adaptor subunit MexX,NA,NA
Wound_2_P12,OEKONL_05980,contig_6,168649,170082,-,pmrB_V15I,Pseudomonas aeruginosa colistin resistant PmrB,core,AMR,POINT,COLISTIN,COLISTIN,POINTP,477,477,100,98.74,477,WP_003112923.1,two-component system sensor histidine kinase PmrB,NA,NA
Wound_2_P12,NA,contig_6,483473,484035,+,ampD_G116AfsTer22,Pseudomonas aeruginosa cephalosporin resistant AmpD,core,AMR,POINT_DISRUPT,BETA-LACTAM,CEPHALOSPORIN,POINTX,187,188,100,100,187,WP_003112844.1,"1,6-anhydro-N-acetylmuramyl-L-alanine amidase AmpD",NA,NA
Wound_2_P12,OEKONL_06427,contig_6,594541,596280,+,ftsI_R504C,Pseudomonas aeruginosa carbapenem resistant FtsI,core,AMR,POINT,BETA-LACTAM,CARBAPENEM,POINTP,579,579,100,99.83,579,WP_003094139.1,penicillin-binding protein PBP3 FtsI,NA,NA
Wound_2_P12,OEKONL_06643,contig_6,811508,812041,-,catB7,type B-4 chloramphenicol O-acetyltransferase CatB7,core,AMR,AMR,PHENICOL,CHLORAMPHENICOL,INTERNAL_STOP,177,212,83.49,98.87,177,WP_003112709.1,type B-4 chloramphenicol O-acetyltransferase CatB7,NF000490.1,type B chloramphenicol O-acetyltransferase
Wound_2_P12,OEKONL_07343,contig_6,1430470,1430877,+,fosA,FosA family fosfomycin resistance glutathione transferase,core,AMR,AMR,FOSFOMYCIN,FOSFOMYCIN,EXACTP,135,135,100,100,135,WP_003082280.1,FosA family fosfomycin resistance glutathione transferase,NF000094.1,FosA family fosfomycin resistance glutathione transferase
